記号,銘柄,株価,PER,予想PER,EPS,ROE,利益率,配当利回り,PBR,ROA,RSI,MA50,FCFマージン,粗利率,アクルーアル,MACD_GC,MACD_DC,次回決算日,決算猶予日数,出来高,平均出来高50日,200日MA,20日高値,配当日,52週高値,52週下落率,静寂後急増,BBスクイーズ,RSIダイバージェンス
MMM,3M Company,0.0,28.777975,16.569715,5.63,0.81891996,0.11902001,1.89,28.305382,0.087419994,16.152387734997433,0.0,0.05595638928972262,0.39911014911014914,0.02501788885060822,0,0,2026/10/20,35,2857020,3130648.4,0.0,180.1513671875,2026/08/24,184.9,0.0,0,0,0
AOS,A.O. Smith Corporation,0.0,15.983288,14.027317,3.59,0.27133,0.13149,2.51,4.2340612,0.1254,26.684141529030427,0.0,0.1425513028040311,0.38833481280350896,-0.02246404480081456,0,0,2026/10/27,42,1391344,1538568.88,0.0,63.79999923706055,2026/07/31,81.87,0.0,0,0,0
ABT,Abbott Laboratories,0.0,33.36246,16.996265,3.09,0.10576,0.116450004,2.47,3.4901986,0.05328,12.372209675594931,0.0,0.1668245804006497,0.5641806533116765,-0.035081245026697266,0,0,2026/10/14,29,7768133,9752178.66,0.0,116.66999816894531,2026/07/15,137.49,0.0,0,0,0
ABBV,AbbVie Inc.,0.0,73.73803,16.079712,3.55,0.0,0.098000005,2.69,-77.93093,0.105100006,40.537101066943485,0.0,0.29130150425114454,0.7023544800523218,-0.11051060017915795,0,0,2026/10/29,44,4454152,5155379.04,0.0,265.9700012207031,2026/10/15,267.47,0.0,0,0,0
ACN,Accenture plc,0.0,15.575079,13.287923,12.52,0.24406,0.10656,3.55,3.7412944,0.10903,47.218101129674324,0.0,0.15607715456166024,0.31913952808418106,-0.058046822827781196,0,0,2026/10/01,16,5281997,6244579.94,0.0,193.1199951171875,2026/07/09,291.09,0.0,0,0,0
ADBE,Adobe Inc.,0.0,14.829704,9.600943,17.91,0.61902,0.28048,0.0,8.9181385,0.19731002,35.233415482126304,0.0,0.41448946106272877,0.8926753334174765,-0.09835231895850285,0,0,2026/12/09,85,5690281,5173809.62,0.0,292.7900085449219,2005/03/24,370.86,0.0,0,0,0
AMD,"Advanced Micro Devices, Inc.",0.0,125.869896,31.811373,3.92,0.10196,0.15577,0.0,11.978587,0.05128,69.25422298500798,0.0,0.19443401945783653,0.4951644100580271,-0.04386033330733432,0,0,2026/11/03,49,24716969,23839211.38,0.0,521.0999755859375,1995/04/27,584.73,0.0,0,0,0
AES,The AES Corporation,0.0,5.5430713,6.243408,2.67,0.095740005,0.1434,4.76,2.1356423,0.02964,58.333233993348195,0.0,-0.1326739148205673,0.1807406196354124,-0.0656003708854891,0,0,2026/11/04,50,4829668,7493861.36,0.0,14.829999923706055,2026/07/31,17.65,0.0,0,0,0
AFL,AFLAC Incorporated,0.0,12.6224375,15.515605,9.27,0.16908,0.26908,2.12,1.9387925,0.0313,37.93388273422574,0.0,0.14721982137712475,0.0,0.009367219026358719,0,0,2026/11/04,50,1813088,2017335.76,0.0,121.12000274658203,2026/08/19,130.22,0.0,0,0,1
A,"Agilent Technologies, Inc.",0.0,28.954636,21.724493,5.07,0.20971,0.19533001,0.69,5.621721,0.086330004,38.10396962544527,0.0,0.16580310880829016,0.5243235463442717,-0.020114716743930228,0,0,2026/11/25,71,1646739,2121644.78,0.0,159.0,2026/06/30,163.75,0.0,0,0,0
APD,"Air Products and Chemicals, Inc",0.0,0.0,19.888674,-0.2,0.00023,-0.00375,2.48,4.605354,0.047319997,29.806375155833635,0.0,-0.31284424247962583,0.3141319066568084,-0.08892704489825741,0,0,2026/11/05,51,880122,1020076.44,0.0,309.4599914550781,2026/10/01,314.87,0.0,0,0,0
ABNB,"Airbnb, Inc.",0.0,39.050343,27.582605,4.37,0.34542,0.2045,0.0,12.909449,0.061389998,25.674362310688153,0.0,0.37954415488930643,0.8295890858589985,-0.09613652737752161,0,0,2026/11/05,51,2859576,4484415.52,0.0,190.5,-,193.453,0.0,0,0,0
AKAM,"Akamai Technologies, Inc.",0.0,38.25,14.688838,2.76,0.08918,0.09507,0.0,3.1923194,0.025150001,52.1556606121505,0.0,0.16616823207209777,0.589486416320614,-0.09292396984819128,0,0,2026/11/05,51,4510892,3453001.84,0.0,122.97000122070312,-,165.45,0.0,0,0,1
ALB,Albemarle Corporation,0.0,426.03702,10.182124,0.27,0.02648,0.03795,1.4,1.6881421,0.03165,23.245790308190777,0.0,0.13464941695398147,0.13003183326841972,-0.10949504681477477,0,0,2026/11/04,50,2094751,2213525.02,0.0,142.76901245117188,2026/09/11,221.0,0.0,0,0,0
ARE,Alexandria Real Estate Equities,0.0,0.0,-64.14815,-6.05,-0.040760003,-0.36078998,5.63,0.5703435,0.00928,33.995572255269835,0.0,0.48012291289991255,0.686740176729736,-0.0834349441572028,0,0,2026/10/26,41,1698081,1822837.62,0.0,54.040000915527344,2026/09/30,88.24,0.0,0,0,0
ALGN,"Align Technology, Inc.",0.0,26.562498,12.195705,5.76,0.10155,0.09991,0.0,2.575454,0.07556,31.024093023561207,0.0,0.1216313206264046,0.6718803439138491,-0.029336061304270196,0,0,2026/10/28,43,718575,879255.5,0.0,171.16000366210938,-,200.44,0.0,0,0,1
ALLE,Allegion plc,0.0,20.39239,15.897992,7.62,0.3373,0.15357,1.43,6.2388086,0.1103,30.698820172086798,0.0,0.16858849851252675,0.4519705947434416,-0.026800926546317744,0,0,2026/10/22,37,1256582,1345895.64,0.0,162.75999450683594,2026/09/15,183.11,0.0,0,0,0
LNT,Alliant Energy Corporation,0.0,21.177214,18.172438,3.16,0.11135,0.18447,3.18,2.3045664,0.02448,35.99040983047662,0.0,0.2679963319578175,0.45667125171939477,-0.014365171461726221,0,0,2026/11/05,51,1827890,2344037.8,0.0,70.3499984741211,2026/07/31,78.81,0.0,0,0,1
ALL,Allstate Corporation (The),0.0,5.176848,9.362558,49.93,0.46113998,0.18971,1.7,2.0713034,0.086780004,42.13565893367232,0.0,0.14734079828236593,0.0,0.0014362297299554102,0,0,2026/11/04,50,1525924,1643468.48,0.0,263.1099853515625,2026/08/31,277.22,0.0,0,1,0
GOOGL,Alphabet Inc.,0.0,17.522066,23.490252,19.94,0.48676,0.54771,0.26,6.8647833,0.12958999,40.99135813956776,0.0,0.18187550268595656,0.5965231508603998,-0.054668299508971396,0,0,2026/10/28,43,35092727,27020822.54,0.0,347.83642578125,2026/09/04,408.61,0.0,0,1,0
GOOG,Alphabet Inc.,0.0,17.34621,23.242836,19.93,0.48676,0.54771,0.26,6.7924786,0.12958999,40.63806730320021,0.0,0.18187550268595656,0.5965231508603998,-0.054668299508971396,0,0,2026/10/28,43,22204768,18032759.36,0.0,344.3664245605469,2026/09/04,404.47,0.0,0,1,0
MO,"Altria Group, Inc.",0.0,14.865263,12.041207,4.75,0.0,0.38999,6.44,-44.18648,0.29486,53.22377628448052,0.0,0.45056854858731815,0.7220815333432643,-0.06691035782619871,0,0,2026/10/29,44,7816575,8514575.5,0.0,69.56999969482422,2026/09/15,77.06,0.0,0,0,0
AMZN,"Amazon.com, Inc.",0.0,20.397425,24.369732,12.43,0.30558002,0.1744,0.0,4.9562125,0.06589,43.901299443336974,0.0,0.010733355278941701,0.5028566486824266,-0.07560003031629182,0,0,2026/10/29,44,33318851,39663783.02,0.0,266.42999267578125,-,287.2,0.0,0,1,0
AMCR,Amcor plc,0.0,17.7521,9.697774,2.38,0.09396,0.04705,6.14,1.6554346,0.035669997,14.424535553884155,0.0,0.05228452310048498,0.19952352590827874,-0.02817091252190322,0,0,2026/11/05,51,4584137,3599984.74,0.0,47.901756286621094,2026/09/04,50.94,0.0,0,0,0
AEE,Ameren Corporation,0.0,18.304579,17.88156,5.68,0.11943,0.18583,2.86,2.1026554,0.030569999,38.70505656574909,0.0,-0.09330605750653484,0.47403113990226164,-0.06916824820529746,0,0,2026/11/04,50,2350968,1464957.36,0.0,108.89745330810547,2026/09/08,118.32,0.0,0,0,1
AEP,American Electric Power Company,0.0,21.18371,17.825996,5.77,0.10130999,0.13781999,3.08,2.074191,0.029790001,58.38508845837807,0.0,-0.07492228926677638,0.6100749680014628,-0.029390179975537306,0,0,2026/10/29,44,3141853,3687907.06,0.0,126.52999877929688,2026/08/10,140.58,0.0,0,1,0
AXP,American Express Company,0.0,19.877502,16.259525,16.49,0.34377,0.16141,1.17,6.454268,0.037920002,30.601612430344872,0.0,0.22155614010798838,0.0,-0.02531227920493781,0,0,2026/10/23,38,2425105,2677114.1,0.0,339.8999938964844,2026/07/02,387.49,0.0,0,0,1
AIG,"American International Group, I",0.0,13.921533,8.682628,5.48,0.0722,0.11089,2.65,0.9858372,0.01765,35.54308982108097,0.0,0.12377679838649436,0.0,-0.0013519044488818882,0,0,2026/11/04,50,4513060,3447575.2,0.0,77.37999725341797,2026/09/16,87.29,0.0,0,1,1
AMT,American Tower Corporation (REI,0.0,24.338377,25.240942,7.27,0.33914003,0.31083,3.92,22.1646,0.04893,48.92345974952012,0.0,0.35544783270390623,0.7418315389962986,-0.04643901605307135,0,0,2026/10/27,42,2413334,2568910.68,0.0,178.57000732421875,2026/06/12,199.13,0.0,0,1,0
AWK,"American Water Works Company, I",0.0,24.076256,21.15796,5.77,0.10095,0.21347,2.6,2.3666904,0.03516,41.062806680442975,0.0,-0.2416342412451362,0.6071984435797665,-0.026747926189266972,0,0,2026/10/28,43,1577069,2153843.38,0.0,140.88999938964844,2026/08/11,145.64,0.0,0,0,0
AMP,"Ameriprise Financial, Inc.",0.0,13.501087,10.810076,41.37,0.63432,0.199,1.22,7.760302,0.022750001,47.37311975279851,0.0,0.4416125541125541,0.0,-0.024933998239953067,0,0,2026/10/29,44,600779,500335.58,0.0,565.0800170898438,2026/08/03,572.56,0.0,0,1,0
AME,"AMETEK, Inc.",0.0,34.159355,24.37658,6.84,0.14562,0.20044,0.56,4.7569118,0.08162,49.35137137823739,0.0,0.2258463453349468,0.3604103759487083,-0.020016812775917263,0,0,2026/10/29,44,1619320,1234160.4,0.0,254.1699981689453,2026/09/15,261.16,0.0,0,0,0
AMGN,Amgen Inc.,0.0,23.680943,15.633484,16.11,0.91473,0.22951001,2.67,17.645699,0.08667,14.994203040126266,0.0,0.22040216592745776,0.6724714973742211,-0.024805157529861125,0,0,2026/11/03,49,2619230,2540778.6,0.0,444.1199951171875,2026/08/21,447.03,0.0,0,0,0
APH,Amphenol Corporation,0.0,39.275,23.993305,2.0,0.38115,0.17729001,0.6,12.500001,0.14473,67.12176643276072,0.0,0.18957163331846702,0.3688162219037268,-0.030477220733561645,0,0,2026/10/28,43,12160411,12451490.22,0.0,85.43499755859375,2026/09/22,89.26,0.0,0,1,0
ADI,"Analog Devices, Inc.",0.0,42.927467,22.083273,8.41,0.12227,0.29787,1.16,5.214113,0.06406,57.46421811697352,0.0,0.38827257385337016,0.614669518890112,-0.05302596777610734,0,0,2026/11/24,70,4728853,3697829.06,0.0,389.0945129394531,2026/09/01,445.91,0.0,0,1,0
AON,Aon plc,0.0,17.183674,15.336977,18.13,0.44699,0.22268,1.08,6.8812127,0.05829,19.662255070753048,0.0,0.18729992433502124,0.47703858913916536,0.004213925645872716,0,0,2026/10/30,45,2818781,1309199.62,0.0,359.1000061035156,2026/08/03,382.34,0.0,0,0,0
APA,APA Corporation,0.0,9.5,10.248905,4.74,0.26659,0.19564,2.24,2.249026,0.11598,59.039834538073116,0.0,0.19943946188340808,0.40560538116591927,-0.1751590563594392,0,0,2026/11/04,50,6893936,5350754.72,0.0,44.84000015258789,2026/07/22,46.59,0.0,0,1,0
APO,"Apollo Global Management, Inc. ",0.0,45.661922,11.951656,2.81,0.11412,0.052670002,1.74,3.7690568,0.0094099995,40.27565525567629,0.0,0.22609129770039627,0.9549751942338295,-0.00814406799884586,0,0,2026/11/03,49,2177984,3443933.68,0.0,136.5800018310547,2026/08/19,153.29,0.0,0,1,0
AAPL,Apple Inc.,0.0,38.2411,34.757923,8.71,1.4875101,0.27618998,0.33,45.255432,0.27082002,70.08607976493818,0.0,0.23732882225869315,0.4690516410716045,0.0014697654220982572,0,0,2026/10/29,44,38702066,48000399.32,0.0,332.2699890136719,2026/08/10,344.57,0.0,0,0,0
AMAT,"Applied Materials, Inc.",0.0,36.60138,23.046162,11.59,0.41068,0.30052,0.46,13.137096,0.15482001,37.59181662539145,0.0,0.20086012408347434,0.4867456288776086,-0.026447009559492,0,0,2026/11/12,58,8023091,7468591.82,0.0,534.7382202148438,2026/11/19,739.67,0.0,0,0,0
APP,Applovin Corporation,0.0,25.671274,15.933801,13.02,2.03686,0.64575994,0.0,35.4293,0.4646,65.06351389941857,0.0,0.7193905468937732,0.8786399662671873,-0.08779121743454538,0,0,2026/11/04,50,4793359,5921959.18,0.0,323.9599914550781,-,745.61,0.0,0,1,0
APTV,Aptiv PLC,0.0,20.266968,6.850122,2.21,0.05158,0.010720001,0.0,1.0662255,0.067150004,41.935492692090904,0.0,0.07495832924796549,0.19109716638886165,-0.08627685473882031,0,0,2026/10/29,44,3979513,4024442.26,0.0,50.040000915527344,2020/02/04,88.93,0.0,0,0,1
ACGL,Arch Capital Group Ltd.,0.0,7.664319,10.038628,12.78,0.19936001,0.24396999,0.0,1.4337363,0.04124,26.68512373988206,0.0,0.31751295336787566,0.0,-0.022374780732196717,0,0,2026/10/26,41,5119295,2178549.9,0.0,101.13999938964844,2024/11/18,107.09,0.0,0,0,0
ADM,Archer-Daniels-Midland Company,0.0,23.617487,15.218016,3.66,0.07642,0.021559998,2.4,1.7674361,0.02257,81.37829157488832,0.0,0.052373892785508726,0.06270166564925438,-0.08349080913932314,0,0,2026/11/03,49,3339149,3704716.98,0.0,86.91000366210938,2026/08/19,88.75,0.0,0,0,0
ARES,Ares Management Corporation,0.0,60.054794,18.283756,2.19,0.14941,0.10628,4.1,11.922764,0.025940001,33.38627569279379,0.0,0.5703456692353917,0.5419738919093197,-0.09567847220492985,0,0,2026/11/02,48,1709317,2069266.34,0.0,143.1699981689453,2026/09/16,186.85,0.0,0,1,0
ANET,"Arista Networks, Inc.",0.0,59.62222,36.39531,3.15,0.31476,0.38371,0.0,16.006989,0.14119,60.15986227516996,0.0,0.47218983532651543,0.6405609780472368,-0.044244829962053825,0,0,2026/11/03,49,5651980,6846685.6,0.0,202.25,-,214.89,0.0,0,1,0
AJG,Arthur J. Gallagher & Co.,0.0,42.006634,17.010561,6.03,0.06722,0.10378,1.17,2.737313,0.02317,21.878681519575977,0.0,0.12803041170563764,0.4257638789269832,-0.006169956838604684,0,0,2026/10/29,44,1630520,1378322.4,0.0,271.26519775390625,2026/09/08,313.55,0.0,0,0,0
AIZ,"Assurant, Inc.",0.0,13.553588,12.08827,20.9,0.18341999,0.07903,1.25,2.2939813,0.02564,42.44552961096195,0.0,0.12473564689448506,0.0,-0.02648692738415414,0,0,2026/11/03,49,441694,347505.88,0.0,287.7099914550781,2026/08/31,303.94,0.0,0,1,0
T,AT&T Inc.,0.0,8.749175,10.340443,3.03,0.18339,0.16943,4.26,1.6510962,0.04163,55.04085465803388,0.0,0.15473385967146314,0.5955367375525277,-0.043624672178354015,0,0,2026/10/21,36,38340628,54162290.56,0.0,26.190000534057617,2026/07/10,29.79,0.0,0,1,0
ATO,Atmos Energy Corporation,0.0,19.528008,18.167444,8.39,0.09792,0.28496,2.45,1.8145572,0.03893,35.0355676021163,0.0,-0.32150154537074543,0.5813101043962529,-0.030113854669824146,0,0,2026/11/04,50,983845,991296.9,0.0,170.28326416015625,2026/08/24,192.51,0.0,0,1,1
ADSK,"Autodesk, Inc.",0.0,29.692606,16.109907,7.71,0.53854,0.21078,0.0,14.14283,0.11472999,27.242189247077945,0.0,0.32972522897585343,0.9097973910630031,-0.10652121601026711,0,0,2026/11/27,73,2784581,2107803.62,0.0,270.5799865722656,2005/03/22,326.71,0.0,0,0,0
ADP,"Automatic Data Processing, Inc.",0.0,25.263014,20.646433,10.95,0.72239,0.20109,2.53,18.246159,0.062470004,33.48845353203245,0.0,0.21761575403009012,0.46416432014726117,-0.016262800012026592,0,0,2026/10/28,43,2256428,2213748.56,0.0,285.6518859863281,2026/09/11,294.93,0.0,0,0,0
AZO,"AutoZone, Inc.",0.0,20.412445,16.954838,145.28,0.0,0.12399,0.0,-17.432854,0.11389,32.715916679917314,0.0,0.0945196023574353,0.5262486365892685,-0.031985514683195174,0,0,2026/09/22,7,405730,229960.6,0.0,3076.889892578125,-,4357.81,0.0,0,0,1
AVY,Avery Dennison Corporation,0.0,18.679783,15.279486,9.15,0.3116,0.076220006,2.36,5.585256,0.08394,26.308815809148157,0.0,0.07690136073626559,0.28753881768392525,-0.021973027937784745,0,0,2026/10/21,36,768377,920411.54,0.0,182.64852905273438,2026/09/02,199.54,0.0,0,0,0
AXON,"Axon Enterprise, Inc.",0.0,204.24165,46.357674,2.4,0.06221,0.06191,0.0,10.836778,0.00509,23.167689020226078,0.0,0.02701206244495484,0.0,-0.012382732029267833,0,0,2026/11/03,49,575686,866997.72,0.0,645.719970703125,-,792.16,0.0,0,0,0
BKR,Baker Hughes Company,0.0,18.257235,18.251835,3.11,0.16463,0.111669995,1.56,2.8302262,0.04853,34.39828074409006,0.0,0.09147946489741464,0.23596437457180977,-0.02989163670164624,0,0,2026/10/22,37,9537344,8065882.88,0.0,64.9000015258789,2026/08/07,70.41,0.0,0,0,0
BALL,Ball Corporation,0.0,17.395414,13.42319,3.49,0.17151,0.0661,1.34,2.7957633,0.046329997,16.76809278168807,0.0,0.059873869766735054,0.19588177190183118,-0.01792665437410367,0,0,2026/11/03,49,1782570,1832009.4,0.0,64.21539306640625,2026/09/01,68.29,0.0,0,1,0
BAC,Bank of America Corporation,0.0,13.734411,11.23863,4.33,0.111990005,0.29524,2.04,1.5116161,0.00969,57.01692248392717,0.0,0.11152373626179297,0.0,0.00524542036932496,0,0,2026/10/14,29,61683436,31416052.72,0.0,63.903961181640625,2026/09/04,65.23,0.0,0,1,0
BAX,Baxter International Inc.,0.0,0.0,11.716755,-1.88,-0.14371,-0.09268,0.17,1.9876709,0.028499998,20.089176037090823,0.0,0.02872643187477766,0.3005158306652437,-0.08985290451259037,0,0,2026/10/29,44,5741908,6207000.16,0.0,26.62972640991211,2026/08/28,30.0,0.0,0,1,0
BDX,"Becton, Dickinson and Company",0.0,31.645329,13.760402,5.78,0.06607,0.0419,2.36,2.0405636,0.0434,24.121823065796846,0.0,0.1222985347985348,0.45444139194139194,-0.03168549480343425,0,0,2026/11/05,51,1626852,1739859.04,0.0,190.87437438964844,2026/09/09,193.07,0.0,0,0,0
BRK-B,Berkshire Hathaway Inc. New,0.0,12.95146,23.203745,39.76,0.121199995,0.22296,0.0,0.0009860676,0.060100004,66.43122368464675,0.0,0.061000384875841,0.0,0.01718164977875527,0,0,2026/11/07,53,3957123,4118194.46,0.0,510.3699951171875,-,537.74,0.0,0,1,0
BBY,"Best Buy Co., Inc.",0.0,15.778702,13.146713,6.01,0.43126,0.03014,4.23,6.268509,0.07254,56.20328742487143,0.0,0.03017437816315272,0.22482070470845025,-0.06087252897068848,0,0,2026/11/24,70,4833619,3729256.38,0.0,90.80000305175781,2026/09/17,94.92,0.0,0,0,0
TECH,Bio-Techne Corp,0.0,62.301723,31.335497,1.16,0.09032,0.14968,0.44,5.350955,0.06671,38.461588622328875,0.0,0.2166374906484483,0.6576504951692909,-0.04260636804980504,0,0,2026/11/09,55,2739655,3200445.1,0.0,72.47000122070312,2026/08/24,72.62,0.0,0,1,0
BIIB,Biogen Inc.,0.0,38.67616,13.138417,5.62,0.04575,0.083229996,0.0,1.7033148,0.052059997,48.70701017306578,0.0,0.1990981335813803,0.7569207125957981,-0.03096859661339357,0,0,2026/10/29,44,629903,1047836.06,0.0,224.50999450683594,-,225.8,0.0,0,0,0
BLK,"BlackRock, Inc.",0.0,25.505026,16.569675,41.78,0.122779995,0.24089001,2.12,2.8667972,0.03737,24.028231712340414,0.0,0.1466798810703667,0.4670465807730426,0.009564818409628348,0,0,2026/10/14,29,456632,654096.64,0.0,1170.632568359375,2026/09/08,1219.94,0.0,0,0,0
BX,Blackstone Inc.,0.0,28.700224,17.139841,4.47,0.31374002,0.22728,4.07,11.384328,0.1433,20.847754222189295,0.0,0.3664346174685407,0.0,-0.03445781427917913,0,0,2026/10/22,37,2999950,4183435.0,0.0,145.08999633789062,2026/08/03,190.09,0.0,0,0,0
XYZ,"Block, Inc.",0.0,141.94643,15.385568,0.56,0.01612,0.01426,0.0,2.1660578,0.0201,44.6735467265532,0.0,0.10021938371268235,0.428208016117265,-0.03221445360893193,0,0,2026/11/09,55,3515124,4545154.48,0.0,84.8499984741211,-,86.92,0.0,0,1,0
BNY,The Bank of New York Mellon Cor,0.0,18.396734,15.383144,8.57,0.14124,0.29413998,1.36,2.6803353,0.012560001,52.170302411984906,0.0,0.2620071865985121,0.0,-0.0025005293245818337,0,0,2026/10/15,30,3304512,3114626.24,0.0,164.83999633789062,2026/07/27,165.84,0.0,0,1,0
BA,Boeing Company (The),0.0,75.636696,51.40598,2.78,1.73537,0.025910001,0.0,27.251167,-0.01984,49.98196436642689,0.0,-0.02108134088952975,0.04794160714485318,0.006954557612862959,0,0,2026/10/28,43,3376689,5391843.78,0.0,225.9499969482422,2020/02/13,254.35,0.0,0,0,0
BKNG,Booking Holdings Inc. Common St,0.0,19.46171,14.170064,9.01,0.0,0.25527,0.97,-12.326023,0.2038,14.935361973498217,0.0,0.33759334249730655,0.0,-0.13685757244395844,0,0,2026/10/27,42,7910804,5894908.08,0.0,213.26495361328125,2026/09/11,224.9956,0.0,0,0,0
BSX,Boston Scientific Corporation,0.0,18.238867,13.136064,2.47,0.15338999,0.17499,0.0,2.6143222,0.06191,27.279576847340195,0.0,0.16957258144864004,0.6900966424230348,-0.03746021569390699,0,0,2026/10/28,43,20378245,19373578.9,0.0,52.0099983215332,-,105.65,0.0,0,0,0
BMY,Bristol-Myers Squibb Company,0.0,14.118942,9.774768,4.54,0.46598998,0.18871,3.96,5.8672767,0.10719,27.078052483400754,0.0,0.2665214233841685,0.7108413735864716,-0.07887780714809303,0,0,2026/10/29,44,6875416,10131240.32,0.0,68.08999633789062,2026/07/02,68.64,0.0,0,0,0
AVGO,Broadcom Inc.,0.0,43.857506,17.783823,7.86,0.44245,0.42944,0.72,16.507998,0.15369001,52.838793845203135,0.0,0.4212750637844945,0.6776652527118193,-0.025781450915297034,0,0,2026/12/09,85,31899307,22134184.14,0.0,392.42999267578125,2026/09/21,495.0,0.0,0,1,0
BR,"Broadridge Financial Solutions,",0.0,18.184566,15.065023,9.59,0.40916002,0.15037,2.6,6.998836,0.09295,16.569341403318063,0.0,0.1649101219773165,0.31779638347956346,-0.024739248543928095,0,0,2026/11/03,49,753031,1133912.62,0.0,184.31475830078125,2026/09/03,253.36,0.0,0,0,0
BRO,"Brown & Brown, Inc.",0.0,21.830671,14.161189,3.13,0.10023,0.18084998,1.0,1.7920272,0.05381,18.332056034534645,0.0,0.23980565677598473,0.4907166406385563,-0.013203961188356508,0,0,2026/10/26,41,2659480,2221881.6,0.0,74.62000274658203,2026/08/12,96.55,0.0,0,0,0
BF-B,Brown Forman Inc,0.0,16.929033,15.310557,1.55,0.18122,0.18416001,3.52,3.0324743,0.08627,30.654999349939814,0.0,0.22734215885947046,0.6053971486761711,-0.0361033696478338,0,0,2026/12/03,79,2688946,2282166.92,0.0,28.507442474365234,2026/09/03,31.92,0.0,0,0,0
BLDR,"Builders FirstSource, Inc.",0.0,65.478264,13.62452,0.92,0.02506,0.0070999996,0.0,1.6182674,0.02389,24.961867576298303,0.0,0.056171702597349764,0.30385669120678144,-0.06947140519313408,0,0,2026/10/29,44,2565712,2195740.24,0.0,72.55000305175781,-,142.5,0.0,0,0,0
BG,Bunge Limited,0.0,26.127157,10.689279,4.64,0.071779996,0.01097,2.35,1.4598638,0.03472,71.08434620920045,0.0,-0.012498400375378577,0.04847218075047278,-0.0006288178224937119,0,0,2026/11/04,50,1483607,1438728.14,0.0,124.58999633789062,2026/11/17,134.87,0.0,0,0,0
BXP,"BXP, Inc.",0.0,34.677418,29.017195,1.86,0.05308,0.09304,4.33,1.9959152,0.01683,30.930065364150877,0.0,0.357569568664659,0.6063876559000586,-0.03700798481581022,0,0,2026/10/27,42,1085079,1301707.58,0.0,72.12999725341797,2026/06/30,79.33,0.0,0,0,0
CHRW,"C.H. Robinson Worldwide, Inc.",0.0,30.020992,20.976849,5.24,0.37123,0.03726,1.65,11.318894,0.099580005,72.37614834128661,0.0,0.05199213467232904,0.08373509796206598,-0.06473177880432494,0,0,2026/10/28,43,1619437,1799260.74,0.0,152.77999877929688,2026/09/04,210.33,0.0,0,1,1
CDNS,"Cadence Design Systems, Inc.",0.0,55.36905,29.234964,5.04,0.23229,0.23605,0.0,11.206328,0.10613,36.768652514757676,0.0,0.2996001894743559,0.8636432203164237,-0.061054266125146604,0,0,2026/10/26,41,2332245,2294324.9,0.0,347.54998779296875,-,416.69,0.0,0,0,0
CPT,Camden Property Trust,0.0,34.267326,95.25688,3.03,0.07885,0.20622,4.12,2.8003886,0.01867,15.505597750612921,0.0,0.2454453132546659,0.6140965870671554,-0.04889522700956509,0,0,2026/11/05,51,677908,922600.16,0.0,109.1500015258789,2026/06/30,119.81,0.0,0,0,0
COF,Capital One Financial Corporati,0.0,11.393605,8.597045,18.14,0.09031,0.21867001,1.54,1.2312715,0.01523,36.981383389712555,0.0,0.48920163191975147,0.0,-0.03776481332837077,0,0,2026/10/20,35,2777005,3659790.1,0.0,221.47000122070312,2026/08/17,259.64,0.0,0,0,0
CAH,"Cardinal Health, Inc.",0.0,32.53324,16.686392,7.22,0.0,0.00674,0.88,-18.984077,0.037219997,52.89627874985537,0.0,0.01779758346181681,0.038442780277524305,-0.06038499799298417,0,0,2026/11/05,51,2157466,1951301.32,0.0,248.61000061035156,2026/10/01,258.3,0.0,0,0,0
CCL,Carnival Corporation Ltd.,0.0,10.162162,8.593565,2.22,0.26689,0.11237001,1.98,2.3867965,0.05367,22.89379567067023,0.0,0.09793020547687915,0.40096164682017954,-0.06690270280728229,0,0,2026/09/28,13,17627555,18453347.1,0.0,27.729999542236328,2026/08/07,34.03,0.0,0,0,0
CARR,Carrier Global Corporation,0.0,40.899998,17.307407,1.4,0.08966,0.055180002,1.67,3.5933478,0.02982,37.07516800776925,0.0,0.09753069388881225,0.25861038304133904,-0.02766872815272923,0,0,2026/10/27,42,5414291,6069981.82,0.0,62.560001373291016,2026/07/21,76.76,0.0,0,1,1
CVNA,Carvana Co.,0.0,37.497356,31.329575,1.89,0.58773,0.06257,0.0,12.650839,0.116960004,40.60462629975615,0.0,0.043745694321425055,0.20627890955614606,0.028103931520339367,0,0,2026/10/28,43,5958692,8936207.84,0.0,75.7699966430664,-,97.378,0.0,0,1,0
CASY,"Caseys General Stores, Inc.",0.0,29.913858,26.56243,20.78,0.19983,0.041389998,0.42,5.6148605,0.07912,7.030207583347206,0.0,0.0410919565920155,0.24605752224760852,-0.07420410908393021,0,0,2026/12/08,84,592876,420511.52,0.0,870.010009765625,2026/10/30,927.85,0.0,0,0,0
CAT,"Caterpillar, Inc.",0.0,33.72043,24.214468,23.25,0.56972003,0.14511,0.8,18.581282,0.090299994,52.94806267579485,0.0,0.11026942253917058,0.3177736022133779,-0.028959780899731197,0,0,2026/10/29,44,2393089,2739295.78,0.0,881.6500244140625,2026/07/20,1073.46,0.0,0,1,1
CBOE,"Cboe Global Markets, Inc.",0.0,22.15732,18.673407,12.84,0.26297,0.26734,1.22,5.287416,0.11578,28.696487335646324,0.0,0.3567095159305927,0.4090407704382504,-0.07013207526893275,0,0,2026/10/30,45,868369,1047823.38,0.0,313.080322265625,2026/08/31,371.18,0.0,0,0,0
CBRE,CBRE Group Inc,0.0,32.24256,15.491415,4.37,0.15798001,0.029760001,0.0,4.8629804,0.02585,34.57590916941005,0.0,0.029420468557336623,0.18658446362515413,-0.013019399553065388,0,0,2026/10/22,37,1866135,1603710.7,0.0,155.07000732421875,2024/04/19,174.27,0.0,0,0,0
CDW,CDW Corporation,0.0,18.233173,12.591792,8.32,0.44009998,0.04597,1.64,7.7834787,0.06585,70.04575124345882,0.0,0.048523686569360645,0.21732867762808764,-0.008647259205650041,0,0,2026/11/03,49,1247328,1860926.56,0.0,153.9199981689453,2026/08/25,169.2,0.0,0,0,0
COR,"Cencora, Inc.",0.0,24.219006,16.468702,13.47,0.96871,0.00789,0.75,20.40468,0.03559,47.50001907349956,0.0,0.009980739004440128,0.03572165157521616,-0.03030353317671085,0,0,2026/11/04,50,1050100,1386852.0,0.0,337.2200012207031,2026/08/14,377.54,0.0,0,0,0
CNC,Centene Corporation,0.0,0.0,13.065363,-10.36,-0.20358999,-0.02829,0.0,1.5197163,0.02479,53.142841483701446,0.0,0.0221843441474096,0.07119423751264266,-0.1532568048262473,0,0,2026/10/27,42,4090436,4429440.72,0.0,68.0199966430664,-,69.625,0.0,0,1,0
CNP,"CenterPoint Energy, Inc (Holdin",0.0,23.005955,18.52207,1.68,0.09825,0.11611,2.45,2.1722028,0.029979998,50.126609661736836,0.0,-0.25478251576359945,0.45057176445441915,-0.030816177418661623,0,0,2026/10/22,37,8837098,6239481.96,0.0,40.388633728027344,2026/08/20,45.26,0.0,0,0,0
CF,"CF Industries Holdings, Inc.",0.0,9.735906,12.280445,13.48,0.29867,0.27122,1.8,3.4612443,0.12934,55.83308196381487,0.0,0.2542348955392434,0.3845285149632976,-0.0920641680863146,0,0,2026/11/04,50,2127827,2491106.54,0.0,139.27000427246094,2026/08/14,141.96,0.0,0,0,0
CRL,Charles River Laboratories Inte,0.0,0.0,21.52849,-4.81,-0.07516,-0.05963,0.0,4.5903926,0.04107,31.687118977276285,0.0,0.12912694234321914,0.3295514598611041,-0.12360642439928571,0,0,2026/11/04,50,1371997,886773.94,0.0,298.5799865722656,-,303.31,0.0,0,1,0
SCHW,Charles Schwab Corporation (The,0.0,19.546448,13.750042,5.49,0.20273,0.38793,1.19,4.2209806,0.020680001,30.582523597647665,0.0,0.366330839011747,0.0,-0.0009348364036293648,0,0,2026/10/15,30,5419248,7742104.96,0.0,113.6500015258789,2026/08/14,114.53,0.0,0,0,0
CHTR,"Charter Communications, Inc.",0.0,3.73113,3.4245105,38.42,0.27201998,0.09052,0.0,1.0086405,0.05311,46.99402770600081,0.0,0.08065870668565378,0.5653777339613685,-0.07191352220629908,0,0,2026/10/30,45,2294147,2816852.94,0.0,158.97000122070312,-,285.82,0.0,0,0,0
CVX,Chevron Corporation,0.0,20.44027,15.749147,10.38,0.12231,0.09834,3.33,2.1918387,0.05861,70.53538886216585,0.0,0.08996269627830311,0.30410124056562854,-0.06678764984012937,0,0,2026/10/30,45,9353779,7817709.58,0.0,214.05999755859375,2026/08/19,217.65,0.0,0,0,0
CMG,"Chipotle Mexican Grill, Inc.",0.0,34.287033,27.02032,1.08,0.49560001,0.114250004,0.0,21.34294,0.13075,34.3103557137558,0.0,0.12138507736423515,0.253757190098847,-0.0642796161356273,0,0,2026/10/28,43,9904933,16367694.66,0.0,38.52000045776367,-,42.82,0.0,0,0,0
CB,Chubb Limited,0.0,12.118044,11.743613,28.21,0.14822,0.18070999,1.21,1.7490407,0.03358,40.80503328197623,0.0,0.2143753240887878,0.0,-0.009202172388341957,0,0,2026/10/27,42,919584,1772703.68,0.0,347.2011413574219,2026/09/11,365.91,0.0,0,1,0
CHD,"Church & Dwight Company, Inc.",0.0,30.314104,23.41263,3.12,0.17041,0.119569995,1.31,5.1584406,0.07873,5.708255473445902,0.0,0.1761993809646634,0.447317513541398,-0.0537004622772766,0,0,2026/10/30,45,1837373,1800099.46,0.0,102.86000061035156,2026/08/14,106.04,0.0,0,0,0
CIEN,Ciena Corporation,0.0,71.507835,27.359037,4.47,0.22396,0.10869,0.0,14.837992,0.07734,43.5197492373253,0.0,0.13948863058592847,0.42036147551518427,-0.11641837464940465,0,0,-,-12,2198966,2151151.32,0.0,445.17999267578125,-,637.51,0.0,0,0,1
CI,The Cigna Group,0.0,12.000413,8.661541,24.17,0.16758,0.022720002,2.22,1.7946084,0.04462,52.69541433016291,0.0,0.03063311107378384,0.0895148509789888,-0.02307512078977197,0,0,2026/11/05,51,1293776,1641567.52,0.0,284.6793518066406,2026/09/08,315.47,0.0,0,1,0
CINF,Cincinnati Financial Corporatio,0.0,8.121813,19.04726,21.18,0.21484,0.23843001,2.21,1.5828556,0.06409,45.29685887217448,0.0,0.244794553083683,0.0,-0.01753572996439198,0,0,2026/10/26,41,496267,667839.34,0.0,174.72000122070312,2026/09/23,194.81,0.0,0,1,0
CTAS,Cintas Corporation,0.0,40.817074,32.836586,4.92,0.40714002,0.17754,1.03,15.634099,0.161,35.32340272411054,0.0,0.16699644138033642,0.5066945494893322,-0.02624259911065861,0,0,2026/09/23,8,1727967,2125503.34,0.0,207.39999389648438,2026/08/14,219.17,0.0,0,1,0
CSCO,"Cisco Systems, Inc.",0.0,33.051052,19.645641,3.33,0.27319,0.20951,1.5,8.636898,0.079780005,56.5247122467651,0.0,0.20161073825503356,0.645242795104619,-0.00701960088554965,0,0,2026/11/12,58,12509792,19237107.84,0.0,112.9000015258789,2026/10/02,130.37,0.0,0,1,1
C,"Citigroup, Inc.",0.0,14.690397,10.57028,9.27,0.08529,0.21832001,1.93,1.1868778,0.0066299997,74.96485757391713,0.0,-0.870195862133712,0.0,0.03083619536640421,0,0,2026/10/13,28,15374066,10299995.32,0.0,138.82000732421875,2026/08/03,147.96,0.0,0,0,0
CFG,"Citizens Financial Group, Inc.",0.0,15.368192,10.79992,4.59,0.08270001,0.26051,2.61,1.2386086,0.0094,51.44843743093311,0.0,0.24699890869407057,0.0,-0.0016788085760610734,0,0,2026/10/16,31,5021278,3847891.56,0.0,74.30999755859375,2026/07/30,75.33,0.0,0,0,0
CLX,Clorox Company (The),0.0,18.567568,14.265429,4.81,1.6376,0.087349996,5.7,120.04031,0.08321,0.10284970567018092,0.0,0.060267857142857144,0.4232142857142857,-0.0032075955863484734,0,0,2026/11/03,49,2261410,2771432.2,0.0,107.9000015258789,2026/08/12,128.9,0.0,0,0,0
CME,CME Group Inc.,0.0,23.787954,21.696667,11.79,0.15802,0.63443,1.89,3.799447,0.01481,46.43714724924541,0.0,0.6431310002147042,0.8609023709474588,-0.0010326361401482278,0,0,2026/10/21,36,1733733,2202860.66,0.0,285.1116027832031,2026/09/09,329.16,0.0,0,1,0
CMS,CMS Energy Corporation,0.0,20.126507,16.077303,3.32,0.09158,0.11642,3.4,2.194201,0.02971,36.798385932744026,0.0,-0.2111488464691416,0.4152711090291603,-0.029142985904208708,0,0,2026/10/29,44,2987291,3450519.82,0.0,71.4000015258789,2026/08/07,80.36,0.0,0,0,1
KO,Coca-Cola Company (The),0.0,26.831833,25.337597,3.33,0.42054,0.28558,2.4,10.635638,0.09401,28.43825082384994,0.0,0.11046911829123297,0.6162574831563797,0.05437147000457945,0,0,2026/10/20,35,14009071,15673555.42,0.0,91.98999786376953,2026/09/15,92.49,0.0,0,0,0
CTSH,Cognizant Technology Solutions ,0.0,13.755365,10.142148,4.66,0.14924,0.10258,2.2,2.0033753,0.10735,42.66666598849844,0.0,0.12293916998294485,0.33717074095129806,-0.031558090083123914,0,0,2026/10/28,43,6580752,8073091.04,0.0,64.63999938964844,2026/08/18,87.03,0.0,0,0,0
COHR,Coherent Corp.,0.0,64.68447,19.096674,4.12,0.07981,0.11309,0.0,4.78456,0.03393,63.284723032544655,0.0,-0.14477982507047799,0.3749609626391911,0.039644255046434256,0,0,2026/11/04,50,9872159,6103691.18,0.0,351.2200012207031,-,440.0,0.0,0,0,0
COIN,"Coinbase Global, Inc.",0.0,0.0,69.72975,-3.87,-0.07847,-0.16344,0.0,3.8610468,0.01116,47.84385762702561,0.0,0.3378739995752873,0.7463949897825262,-0.03929841608701478,0,0,2026/10/29,44,13110304,8386316.08,0.0,192.6999969482422,-,402.16,0.0,0,0,0
CL,Colgate-Palmolive Company,0.0,34.602364,21.394735,2.54,2.67367,0.096829996,2.44,296.92566,0.15838,14.723899962180639,0.0,0.17829457364341086,0.6010695711902659,-0.12651561543172077,0,0,2026/10/30,45,4296169,4401285.38,0.0,92.55000305175781,2026/07/20,99.33,0.0,0,0,0
CMCSA,Comcast Corporation,0.0,7.974359,6.8630123,3.12,0.114879996,0.08966,5.24,0.9829718,0.043080002,34.09091515368158,0.0,0.15548837171704108,0.7174695045551182,-0.05004933408159747,0,0,2026/10/29,44,36440859,27696933.18,0.0,27.200000762939453,2026/10/07,32.86,0.0,0,0,0
FIX,"Comfort Systems USA, Inc.",0.0,39.004436,26.301764,40.58,0.55292,0.12775,0.21,86.232635,0.17039,58.34963392452657,0.0,0.1133260474677039,0.2412640753464128,-0.025429855978006476,0,0,2026/10/22,37,364808,435456.16,0.0,1881.1800537109375,2026/08/13,2073.99,0.0,0,0,1
COP,ConocoPhillips,0.0,18.101986,14.095503,7.55,0.1418,0.144,2.45,2.5124547,0.07533,61.40250299694999,0.0,0.12287934310532031,0.2508821932681867,-0.09683530289735032,0,0,2026/11/05,51,6442811,6458442.22,0.0,137.35000610351562,2026/08/17,139.815,0.0,0,1,0
ED,"Consolidated Edison, Inc.",0.0,17.398026,16.299198,6.08,0.08962,0.12533,3.3,1.5217735,0.03237,43.90243902439024,0.0,0.002127911100602908,0.5325097529258778,-0.03722370414058416,0,0,2026/11/05,51,1534925,2158308.5,0.0,108.75,2026/08/19,116.23,0.0,0,1,0
STZ,"Constellation Brands, Inc.",0.0,11.916111,10.091062,10.49,0.2369,0.20143999,3.36,2.5962157,0.08574,13.634189328965462,0.0,0.19630156472261737,0.5155378050114893,-0.04485285724070227,0,0,2026/10/06,21,2913001,2009886.02,0.0,137.60000610351562,2026/07/30,168.6,0.0,0,0,0
CEG,Constellation Energy Corporatio,0.0,25.887476,19.830381,10.22,0.15055001,0.110810004,0.6,2.9396994,0.03888,58.683643752750704,0.0,0.050444522774448754,0.18380135510907453,-0.03350276860731192,0,0,2026/11/09,55,3651176,2694023.52,0.0,299.04998779296875,2026/08/18,412.7,0.0,0,1,0
COO,"The Cooper Companies, Inc.",0.0,18.632301,11.551532,2.91,0.06838,0.1346,0.0,1.237617,0.02735,6.27247116307106,0.0,0.1059769328511387,0.6553855928061773,-0.03398199244844612,0,0,-,-6,5406030,2532990.6,0.0,76.7300033569336,2023/07/26,89.83,0.0,0,0,0
CPRT,"Copart, Inc.",0.0,20.470968,17.587618,1.55,0.1616,0.31809,0.0,3.233466,0.10268,27.045832358938497,0.0,0.2648528349083422,0.4518317144247914,-0.024507323527668785,0,0,2026/11/19,65,11280338,11008514.76,0.0,34.33000183105469,-,48.77,0.0,0,0,0
GLW,Corning Incorporated,0.0,66.48148,33.012558,2.16,0.16813,0.111999996,0.67,10.358509,0.05367,71.71900018920834,0.0,0.09040885533303475,0.35965192910614885,-0.035479080578512394,0,0,2026/10/27,42,17677983,11250463.66,0.0,172.88446044921875,2026/08/31,271.78,0.0,0,0,0
CPAY,"Corpay, Inc.",0.0,25.079634,13.118791,16.45,0.29215,0.22723,0.0,7.647506,0.06316,44.25865176773204,0.0,0.2868881148608019,0.7859781914286339,-0.01628570135679782,0,0,2026/11/04,50,381651,491027.02,0.0,419.67999267578125,-,427.46,0.0,0,1,0
CTVA,"Corteva, Inc.",0.0,50.024242,20.05579,1.65,0.04256,0.056649998,0.86,2.188287,0.04546,54.305596562060735,0.0,0.16177231193609562,0.4729038561002241,-0.05396195588750146,0,0,2026/11/03,49,4104686,4443367.72,0.0,89.97000122070312,2026/09/01,90.97,0.0,0,0,0
CSGP,"CoStar Group, Inc.",0.0,175.1111,17.77046,0.18,0.00894,0.02081,0.0,1.6085737,0.00466,32.80346541994457,0.0,0.012627040344933785,0.7887280566676933,-0.040140444107041186,0,0,2026/10/27,42,5796633,7099158.66,0.0,33.72999954223633,-,90.72,0.0,0,0,0
COST,Costco Wholesale Corporation,0.0,46.17638,40.60908,19.9,0.29152,0.0301,0.65,24.650196,0.086660005,14.18897995281472,0.0,0.028473849619416135,0.12843206714262356,-0.06791268369239549,0,0,2026/09/24,9,1983752,1990671.04,0.0,971.4000244140625,2026/07/24,1096.5,0.0,0,0,0
CRH,CRH PLC,0.0,15.720849,13.659831,5.66,0.15812,0.099350005,1.76,2.4652297,0.06061,31.416846467861177,0.0,0.07776323871071114,0.36125724357091354,-0.0324881276894855,0,0,2026/10/29,44,4315524,4279966.48,0.0,97.05000305175781,2026/08/14,131.55,0.0,0,0,1
CRWD,"CrowdStrike Holdings, Inc.",0.0,5884.5005,146.5711,0.04,0.01461,0.00834,0.0,47.236607,-0.0078100003,56.71854595184416,0.0,0.25799848503898065,0.7466899972049074,-0.16008853503897108,0,0,2026/12/01,77,25215907,9354352.14,0.0,231.0,-,239.37,0.0,0,0,0
CCI,Crown Castle Inc.,0.0,30.273468,25.687649,2.45,0.0,0.20716,5.62,-9.662584,0.04725,46.299819037278326,0.0,0.674249530956848,0.7408536585365854,-0.08290500666285931,0,0,2026/10/21,36,3084863,3490363.26,0.0,77.26000213623047,2026/09/15,100.5,0.0,0,1,0
CSX,CSX Corporation,0.0,28.436047,21.531933,1.72,0.24357,0.22208999,1.14,6.433833,0.07383,29.91078097469682,0.0,0.12141640647175703,0.3324581322736304,-0.03946705736916808,0,0,2026/10/22,37,7718282,11151401.64,0.0,51.61868667602539,2026/08/31,53.6,0.0,0,0,0
CMI,Cummins Inc.,0.0,27.691912,15.682226,19.54,0.21114,0.07822,1.58,5.798266,0.069970004,39.877464259716604,0.0,0.07086427086427087,0.25292545292545293,-0.022887738291362675,0,0,2026/11/05,51,1230564,959997.28,0.0,638.7822875976562,2026/08/21,737.76,0.0,0,0,0
CVS,CVS Health Corporation,0.0,25.211082,11.208751,3.79,0.06205,0.011849999,2.81,1.5321094,0.029679999,52.36052935582991,0.0,0.019417161816314196,0.13769346899894794,-0.034988837965117654,0,0,2026/10/28,43,4452208,7251602.16,0.0,97.5999984741211,2026/07/23,110.68,0.0,0,1,1
DHR,Danaher Corporation,0.0,36.294643,21.859821,5.6,0.07605,0.15948,0.8,2.7170281,0.03949,21.550769202217296,0.0,0.2140996418104852,0.5911348095083034,-0.03357136010735167,0,0,2026/10/20,35,3427698,4634873.96,0.0,218.85000610351562,2026/06/26,242.8,0.0,0,0,0
DRI,"Darden Restaurants, Inc.",0.0,20.955896,17.642805,10.43,0.53718,0.09134,3.09,11.295024,0.07722,30.857567638399956,0.0,0.0823486666313423,0.21667713781801393,-0.049881826097773356,0,0,2026/09/24,9,1290383,1172083.66,0.0,225.55999755859375,2026/07/10,229.76,0.0,0,0,0
DDOG,"Datadog, Inc.",0.0,451.07846,77.41282,0.51,0.04696,0.044770002,0.0,18.909254,0.0018000001,47.33955744872992,0.0,0.2669024888843759,0.7995549081775629,-0.14184469111556502,0,0,2026/11/05,51,2888337,4473056.74,0.0,247.32000732421875,-,292.72,0.0,0,0,0
DVA,DaVita Inc.,0.0,16.044067,10.974832,11.8,0.88475,0.060489997,0.0,-15.825462,0.07515,59.033995712252505,0.0,0.09606606841906319,0.32247824884562265,-0.06519967302252166,0,0,2026/10/28,43,691697,802181.94,0.0,183.99000549316406,-,247.49,0.0,0,1,0
DECK,Deckers Outdoor Corporation,0.0,11.4566145,9.673755,7.03,0.42558,0.18361,0.0,4.784365,0.20319,25.442971061338454,0.0,0.2005249716024133,0.5770385958654284,-0.04281292327466636,0,0,2026/10/22,37,4125163,2501451.26,0.0,92.08000183105469,-,122.29,0.0,0,0,0
DE,Deere & Company,0.0,37.922096,30.010231,17.97,0.18242,0.10168,0.96,6.5644298,0.03759,60.146760393433034,0.0,0.07233852009403335,0.3648270457852905,-0.02294426204762444,0,0,2026/11/25,71,1029655,1175417.1,0.0,698.3699951171875,2026/09/30,705.88,0.0,0,0,1
DELL,Dell Technologies Inc.,0.0,31.080862,18.634233,17.19,0.0,0.07525,0.44,-241.5371,0.08643,73.45389206931551,0.0,0.07532279941517378,0.19999471542567246,-0.0518235491578303,0,0,2026/11/27,73,9119604,7498402.08,0.0,567.2899780273438,2026/10/20,567.75,0.0,0,0,0
DAL,"Delta Air Lines, Inc.",0.0,13.23383,9.322572,6.03,0.20125,0.05784,1.08,2.3925884,0.04019,41.851624111577756,0.0,0.06064958020326999,0.24165141089577677,-0.04103692954732713,0,0,2026/10/08,23,5325848,5656136.96,0.0,87.58999633789062,2026/07/09,95.68,0.0,0,0,0
DVN,Devon Energy Corporation,0.0,10.810869,9.213337,4.6,0.11522,0.17464,2.55,1.3697838,0.05909,64.74928178946669,0.0,0.16272981149639285,0.2554689318128927,-0.12876989778157535,0,0,2026/11/04,50,14587097,10725205.94,0.0,50.22999954223633,2026/09/15,52.71,0.0,0,1,0
DXCM,"DexCom, Inc.",0.0,33.470356,27.105755,2.53,0.38491002,0.20118,0.0,12.191189,0.103310004,20.32520508581237,0.0,0.23105963105963107,0.601008151008151,-0.09533273395479425,0,0,2026/10/29,44,2493702,4589444.04,0.0,92.33999633789062,-,92.59,0.0,0,1,0
FANG,"Diamondback Energy, Inc.",0.0,39.18476,11.165023,5.25,0.034930002,0.09029,2.15,1.5229156,0.01308,48.7804791599224,0.0,-0.04708955723759126,0.3497220175497354,-0.09983253352847633,0,0,2026/11/02,48,1770433,1878360.66,0.0,211.02000427246094,2026/08/13,216.9,0.0,0,1,0
DLR,"Digital Realty Trust, Inc.",0.0,86.96117,61.95829,2.06,0.02912,0.11825,2.59,2.4822636,0.01476,50.05199099598458,0.0,0.39461108133699524,0.5539220690327601,-0.022334275400913022,0,0,2026/10/22,37,2044654,2470917.08,0.0,197.91000366210938,2026/09/15,208.14,0.0,0,0,0
DG,Dollar General Corporation,0.0,16.775326,15.616838,7.7,0.19692,0.03903,1.89,3.0679524,0.048899997,48.812915915360364,0.0,0.05601810058329943,0.30660930299520633,-0.0685378990192719,0,0,-,-19,2856055,2397253.1,0.0,133.2100067138672,2026/10/06,158.23,0.0,0,0,0
DLTR,"Dollar Tree, Inc.",0.0,14.586291,15.069892,8.17,0.46032003,0.08035,0.0,6.5295053,0.08262,21.88258407221872,0.0,0.07212108099197395,0.364046610824344,-0.09293638888476333,0,0,-,-19,3092149,2494150.98,0.0,136.75,-,142.4,0.0,0,0,0
D,"Dominion Energy, Inc.",0.0,22.304497,16.894646,2.89,0.08281,0.13984999,4.15,2.030876,0.03041,36.98815600774222,0.0,-0.4410517387616624,0.49018538713195203,-0.020395832793875208,0,0,2026/10/30,45,4402392,4183751.84,0.0,68.08219146728516,2026/09/04,72.99,0.0,0,0,1
DPZ,Domino's Pizza Inc,0.0,18.35431,15.521003,17.64,0.0,0.118640006,2.55,-2.6884942,0.33892,28.842889880943133,0.0,0.13593214890544403,0.3995065581051313,-0.11090157119977814,0,0,2026/10/13,28,639947,877722.94,0.0,350.0,2026/09/15,455.72,0.0,0,0,0
DASH,"DoorDash, Inc.",0.0,106.010414,24.992664,1.92,0.088870004,0.05292,0.0,8.8885975,0.029719999,28.525034732353575,0.0,0.13311948676824378,0.5087847196908946,-0.07609746172236635,0,0,2026/11/04,50,2267475,3994003.5,0.0,236.92999267578125,-,285.5,0.0,0,0,0
DOV,Dover Corporation,0.0,22.899515,16.244738,8.26,0.14914,0.13475999,1.11,3.3067024,0.07061,29.52035700080485,0.0,0.13757210162258693,0.397669541607976,-0.017852141897182053,0,0,2026/10/22,37,1322301,1175698.02,0.0,205.92440795898438,2026/08/31,237.54,0.0,0,0,1
DOW,Dow Inc.,0.0,0.0,15.920847,-1.83,-0.0554,-0.03129,4.82,1.3162689,0.012999999,32.45825991894267,0.0,-0.03620396317053643,0.06337570056044836,-0.062438074413201684,0,0,2026/10/22,37,7555449,9275426.98,0.0,32.5225830078125,2026/08/31,42.74,0.0,0,0,0
DHI,"D.R. Horton, Inc.",0.0,13.289801,11.877357,10.49,0.12632,0.09154,1.31,1.6430559,0.06884,31.895416427936354,0.0,0.09586749351832387,0.23696657557284004,0.004631926746205372,0,0,2026/10/29,44,2177416,2287294.32,0.0,151.86000061035156,2026/08/06,177.58,0.0,0,0,1
DTE,DTE Energy Company,0.0,20.748419,15.675564,6.32,0.1103,0.07999,3.51,2.2459922,0.02769,37.620558663603454,0.0,-0.06449981029467561,0.3030858732768433,-0.0360115414493397,0,0,2026/10/29,44,1788249,1286348.98,0.0,141.14999389648438,2026/09/21,155.75,0.0,0,0,1
DUK,Duke Energy Corporation (Holdin,0.0,17.924698,16.59435,6.64,0.098570004,0.15995,3.63,1.7262785,0.028369999,34.58279057238063,0.0,-0.05254831404907404,0.5117721872382666,-0.03761188539665672,0,0,2026/11/05,51,3425157,3980833.14,0.0,123.98999786376953,2026/08/14,134.49,0.0,0,1,1
DD,"DuPont de Nemours, Inc.",0.0,53.573277,15.60499,2.32,0.01792,0.00787,1.89,1.2189716,0.020669999,23.50393085575969,0.0,0.025113155205139435,0.34501387063804934,-0.06206257242178447,0,0,2026/11/05,51,1173819,1413026.38,0.0,142.44332885742188,2026/08/31,157.98,0.0,0,0,0
ETN,"Eaton Corporation, PLC",0.0,39.99593,24.370317,9.83,0.19684,0.12752,1.03,7.539456,0.07052,58.33998072991615,0.0,0.12944476828912854,0.3758743806470417,-0.009333107076192093,0,0,2026/11/03,49,3188147,2078470.94,0.0,455.3999938964844,2026/08/07,478.0,0.0,0,0,0
EBAY,eBay Inc.,0.0,22.897057,16.215805,4.76,0.46611,0.18571,1.15,10.396833,0.091450006,52.12104507690601,0.0,0.1291891891891892,0.7145045045045045,0.0040885860306643955,0,0,2026/11/04,50,4575302,4166194.04,0.0,107.75,2026/08/28,119.31,0.0,0,1,0
ECHO,EchoStar Corporation,0.0,0.0,4.1306643,-24.88,-0.33428,-0.38712,0.0,1.9265414,0.01319,75.32386674434429,0.0,-0.11605573319647218,0.25822524761597626,-0.3347053928674338,0,0,2026/11/05,51,2891929,4043548.58,0.0,93.41999816894531,-,147.25,0.0,0,1,0
ECL,Ecolab Inc.,0.0,36.931637,29.254303,7.46,0.21956,0.12566,1.06,7.6807923,0.07233,31.694865282856853,0.0,0.11841777976767903,0.44464343456955946,-0.03551139239481218,0,0,2026/10/27,42,975677,1288523.54,0.0,290.6000061035156,2026/09/15,309.27,0.0,0,0,0
EIX,Edison International,0.0,5.79257,8.627739,9.69,0.19734,0.19281,6.27,1.2380071,0.04092,26.046387366976305,0.0,-0.037014029093544544,0.48071646736035617,-0.011688256439708165,0,0,2026/10/27,42,3914917,4470170.34,0.0,74.77999877929688,2026/07/07,81.62,0.0,0,0,1
EW,Edwards Lifesciences Corporatio,0.0,50.904762,25.3232,1.68,0.09175,0.15431,0.0,4.6440396,0.083680004,19.502533639520976,0.0,0.22002109565561342,0.7801107521919705,-0.038088076395175655,0,0,2026/10/29,44,2988073,3890163.46,0.0,92.27999877929688,-,96.29,0.0,0,0,0
ELV,"Elevance Health, Inc.",0.0,18.763378,14.329789,22.61,0.11133,0.02468,1.64,2.0496073,0.03832,61.030862375263595,0.0,0.015939736346516006,0.0,0.011292738736069272,0,0,2026/10/21,36,1089077,1206631.54,0.0,418.7200012207031,2026/09/10,436.24,0.0,0,1,0
EME,"EMCOR Group, Inc.",0.0,23.36242,20.400562,32.09,0.40348998,0.07738,0.2,8.131325,0.12029,53.97056250109562,0.0,0.07001551003501502,0.19327130810714582,-0.003147642244187339,0,0,2026/10/29,44,391610,407964.2,0.0,862.5399780273438,2026/07/15,951.96,0.0,0,0,0
EMR,Emerson Electric Company,0.0,32.450764,20.47045,4.57,0.128,0.13828,1.46,4.0591216,0.068969995,41.051222023013054,0.0,0.14803507992895204,0.528363676731794,-0.019183109331808217,0,0,2026/11/04,50,2062745,2551660.9,0.0,162.0500030517578,2026/08/14,166.35,0.0,0,0,0
ETR,Entergy Corporation,0.0,26.506393,20.30405,3.91,0.10248999,0.13329001,2.43,2.6530142,0.02683,47.80115141140164,0.0,-0.21555323115119962,0.47716913810993794,-0.04697856037906417,0,0,2026/10/29,44,3573732,2509056.64,0.0,108.52999877929688,2026/08/13,118.45,0.0,0,1,1
EOG,"EOG Resources, Inc.",0.0,11.559532,10.128519,12.85,0.22507,0.25733,2.77,2.4496996,0.11017,42.34281656835785,0.0,0.1527765476928527,0.6337791161101762,-0.0977625050676654,0,0,2026/11/05,51,3509833,2954306.66,0.0,153.0500030517578,2026/10/16,153.67,0.0,0,1,0
EQT,EQT Corporation,0.0,12.345708,13.811309,4.31,0.11078,0.29176,1.22,1.3176988,0.06629,52.536222369343086,0.0,0.33969271958336533,0.4587503233784062,-0.07385720828866663,0,0,2026/10/20,35,5836684,6740469.68,0.0,55.75,2026/08/05,68.24,0.0,0,1,0
EFX,"Equifax, Inc.",0.0,30.226316,16.937004,5.7,0.14275,0.10729,1.33,4.625607,0.061550003,20.273379925577373,0.0,0.1867314182237221,0.5644744423409334,-0.08052797491613425,0,0,2026/10/20,35,1492546,1433366.92,0.0,194.06919860839844,2026/08/31,271.84,0.0,0,0,0
EQIX,"Equinix, Inc.",0.0,64.14387,53.427887,15.57,0.10735,0.15479,1.99,6.851952,0.03683,44.400312214777486,0.0,-0.04339806878593903,0.5109037647824671,-0.06380010463117511,0,0,2026/10/28,43,550064,549129.28,0.0,1092.390380859375,2026/08/19,1128.68,0.0,0,0,0
ERIE,Erie Indemnity Company,0.0,23.017227,18.121342,11.03,0.24808,0.14007,2.39,5.3809795,0.14147,24.219266512401617,0.0,0.13762935180074098,0.0,-0.03794448545528942,0,0,2026/10/29,44,154670,293083.4,0.0,268.6400146484375,2026/10/05,341.71,0.0,0,0,0
ESS,"Essex Property Trust, Inc.",0.0,43.015602,43.76917,6.41,0.0771,0.20893,3.8,3.3290274,0.029560002,18.674312083372982,0.0,0.4949148141966625,0.6778342062526989,-0.030758927211008064,0,0,2026/10/27,42,249979,470007.58,0.0,293.6099853515625,2026/09/30,303.35,0.0,0,0,0
EL,"Estee Lauder Companies, Inc. (T",0.0,196.44,25.09761,0.5,0.04745,0.01209,1.44,9.336502,0.0523,33.685361041851436,0.0,0.0874476709415908,0.7550003322479899,-0.08050804574435785,0,0,2026/11/02,48,2074242,2942232.84,0.0,105.85044860839844,2026/08/31,121.64,0.0,0,0,0
EG,"Everest Group, Ltd.",0.0,8.02071,6.3519254,47.32,0.12572,0.11376,2.15,0.95192474,0.02489,46.484074950537305,0.0,0.17818561970031363,0.0,-0.02362670761749368,0,0,2026/10/28,43,317296,331313.92,0.0,384.1612243652344,2026/09/09,401.07,0.0,0,0,0
EVRG,"Evergy, Inc.",0.0,20.575064,17.712917,3.93,0.092539996,0.15192,3.41,1.8236356,0.02908,51.49159133751911,0.0,-0.12609031132581858,0.522661701556629,-0.03504131257640249,0,0,2026/11/05,51,2455578,2048833.56,0.0,83.58000183105469,2026/08/18,88.62,0.0,0,1,1
ES,Eversource Energy (D/B/A),0.0,17.748053,13.898183,3.85,0.09016,0.10354,4.6,1.5748231,0.03302,32.203345995955516,0.0,-0.0033288689566674965,0.8469225179674922,-0.037957749538144396,0,0,2026/11/04,50,1668588,2076667.76,0.0,72.22000122070312,2026/09/21,76.57,0.0,0,0,1
EXC,Exelon Corporation,0.0,15.705883,14.060494,2.72,0.09711,0.10989001,3.89,1.4848801,0.028110001,38.25864966151582,0.0,-0.09378349410503752,0.42930167367466404,-0.029904778244831433,0,0,2026/11/03,49,5408773,7767027.46,0.0,45.14019012451172,2026/09/04,50.65,0.0,0,0,1
EXE,Expand Energy Corporation,0.0,8.051724,10.734164,11.6,0.14893,0.2197,2.43,1.1276789,0.08486,44.31818050458053,0.0,0.13487570760521783,0.5084912626138322,-0.09742991480185244,0,0,2026/10/27,42,2543133,3159292.66,0.0,99.9800033569336,2026/08/13,126.621,0.0,0,1,0
EXPE,"Expedia Group, Inc.",0.0,18.115795,11.781688,15.89,0.89489,0.12968001,0.68,28.57171,0.061079998,21.92830372315865,0.0,0.21109074865947194,0.9011742347111925,-0.10575822018648781,0,0,2026/11/05,51,1728016,1604474.32,0.0,338.6418151855469,2026/08/27,342.0,0.0,0,0,0
EXPD,Expeditors International of Was,0.0,28.140987,24.422272,6.88,0.4267,0.07634,0.84,11.881558,0.1523,61.88342341369734,0.0,0.0861323719223645,0.1292198786720654,-0.040086536846411606,0,0,2026/11/03,49,951397,1054689.94,0.0,192.60000610351562,2026/06/01,193.82,0.0,0,1,0
EXR,Extra Space Storage Inc,0.0,30.772625,29.000038,4.53,0.06953,0.2728,4.71,2.2214432,0.03358,21.24251458858906,0.0,0.5415340505018146,0.7077694370639951,-0.029940972618755453,0,0,2026/10/28,43,2200842,1125634.84,0.0,147.91000366210938,2026/09/15,158.88,0.0,0,0,0
XOM,ExxonMobil Holdings Corporation,0.0,21.245817,15.298401,7.77,0.12584,0.09072,2.48,2.6169941,0.055209998,53.55051596140399,0.0,0.07289791759929609,0.21994103209274324,-0.05150786226557976,0,0,2026/10/30,45,13641167,14227605.34,0.0,166.14999389648438,2026/08/17,176.41,0.0,0,1,0
FFIV,"F5, Inc.",0.0,32.76194,22.763483,12.56,0.1983,0.21952999,0.0,6.0646124,0.07977,64.3176331054524,0.0,0.2935184153737348,0.8141306290785966,-0.04071308263385728,0,0,2026/10/26,41,562182,578449.64,0.0,411.7099914550781,-,435.0,0.0,0,0,1
FDS,FactSet Research Systems Inc.,0.0,18.255108,14.046843,15.17,0.27032,0.2321,1.79,4.8751845,0.11079001,27.299132522790288,0.0,0.2659435907772937,0.5271743531167035,-0.030021336941531578,0,0,2026/09/30,15,1074932,893018.64,0.0,313.54998779296875,2026/08/31,364.83,0.0,0,0,0
FICO,Fair Isaac Corporation,0.0,28.953455,18.856077,34.59,0.0,0.3405,0.0,-5.279138,0.39981,28.347591743186257,0.0,0.3713956066421246,0.8223278377432166,-0.06790790591462172,0,0,2026/11/04,50,253646,343692.92,0.0,1172.6700439453125,2017/03/01,1998.01,0.0,0,0,1
FAST,Fastenal Company,0.0,42.256413,35.292355,1.17,0.34334,0.15454,1.95,13.94247,0.21521999,37.810940788637126,0.0,0.128114139381745,0.45011889518931775,-0.007421480733836015,0,0,2026/10/14,29,6730324,7635586.48,0.0,51.439998626708984,2026/07/28,52.92,0.0,0,0,0
FRT,Federal Realty Investment Trust,0.0,23.137375,35.899445,4.95,0.12550999,0.32663,4.06,3.1050563,0.03259,29.45739719802583,0.0,0.2588322680271311,0.6724853886901621,-0.02314242655901236,0,0,2026/10/30,45,481750,780085.0,0.0,118.0199966430664,2026/10/01,128.21,0.0,0,1,1
FDX,FedEx Corporation,0.0,16.841057,14.984532,18.56,0.14846,0.0468,1.56,2.3704147,0.050079998,26.9053378981954,0.0,0.054011824324324324,0.21771537162162163,-0.04540262995643692,0,0,2026/10/28,43,1044903,1519736.06,0.0,335.989990234375,2026/09/14,345.37,0.0,0,0,0
FDXF,"FedEx Freight Holding Company, ",0.0,29.552511,25.356627,4.38,0.69093,0.07447,0.0,-38.941036,0.05669,44.56281241398718,0.0,-0.024104604889141557,0.28982376350198974,0.07088901801278326,0,0,2026/10/28,43,1589273,1199919.46,0.0,143.82000732421875,-,200.0,0.0,0,0,0
FERG,Ferguson Enterprises Inc.,0.0,21.85939,17.715624,10.17,0.0,0.063200004,1.6,6.9354835,0.0,33.50722160387777,0.0,0.0,0.0,0.0,0,0,2026/11/09,55,1096742,2526508.84,0.0,244.06939697265625,2026/08/21,271.64,0.0,0,0,0
FIS,Fidelity National Information S,0.0,5.8648233,5.697419,6.51,0.22348,0.27648002,4.61,1.2284032,0.04275,34.303495445235185,0.0,0.17111548187693174,0.36864287721270017,-0.07268275203057811,0,0,2026/11/04,50,8435778,6027339.56,0.0,41.79705047607422,2026/09/11,69.14,0.0,0,0,0
FITB,Fifth Third Bancorp,0.0,18.309765,11.011686,2.97,0.08438,0.23239,2.92,1.5262847,0.0092,48.38709677419355,0.0,0.4313569890035143,0.0,-0.00929208493488077,0,0,2026/10/19,34,3927502,5356246.04,0.0,57.599998474121094,2026/06/30,59.5,0.0,0,0,0
FSLR,"First Solar, Inc.",0.0,12.764488,8.935461,16.22,0.18509,0.32465,0.0,2.1559703,0.08619001,50.68415133973958,0.0,0.227465888642627,0.4062437732020073,-0.03970150082837198,0,0,2026/10/29,44,1350618,2164324.36,0.0,222.39999389648438,-,320.95,0.0,0,0,0
FE,FirstEnergy Corp.,0.0,24.508022,15.538754,1.87,0.09491,0.06939,4.03,2.0501924,0.03682,43.12502309679435,0.0,-0.06660039761431412,0.6530815109343936,-0.04793932455638237,0,0,2026/10/21,36,4020580,4290417.6,0.0,47.41999816894531,2026/08/07,52.34,0.0,0,1,0
FISV,"Fiserv, Inc.",0.0,9.7682,6.309457,0.0,0.0,0.0,0.0,1.006375,0.0,44.072180321024284,0.0,0.20284999764073042,0.5936394092388997,-0.032221431869516926,0,0,2026/10/28,43,7552685,7332105.7,0.0,53.310001373291016,-,135.88,0.0,0,0,0
FLEX,Flex Ltd.,0.0,41.822395,15.232502,2.59,0.18378,0.03325,0.0,7.2746806,0.044159997,61.29111697316654,0.0,0.03768718205918177,0.09196102314250913,-0.036491387126019945,0,0,2026/10/28,43,2981407,3852830.14,0.0,130.0,-,166.86,0.0,0,0,0
F,Ford Motor Company,0.0,0.0,7.1947675,-1.87,-0.18252,-0.03935,4.29,1.5472203,0.00348,50.70921949838738,0.0,0.06657339520577571,0.008971148146763712,-0.10189514455664683,0,0,2026/10/22,37,31441339,47552952.78,0.0,14.619999885559082,2026/08/11,17.78,0.0,0,1,0
FTNT,"Fortinet, Inc.",0.0,60.347515,45.047737,2.82,1.17442,0.28173,0.0,80.50141,0.14166,53.60296810611837,0.0,0.3273427848696982,0.8045620330607682,-0.07095830285296269,0,0,2026/11/04,50,5919154,4823939.08,0.0,172.77999877929688,-,173.89,0.0,0,0,0
FTV,Fortive Corporation,0.0,29.201057,16.987131,1.89,0.07318,0.12382,0.51,2.755642,0.03295,19.994204997606857,0.0,0.2604409607847852,0.6350171912192542,-0.042938565477052576,0,0,2026/10/28,43,1807018,2462198.36,0.0,60.56626510620117,2026/09/04,64.56,0.0,0,0,0
FOXA,Fox Corporation,0.0,17.846354,11.744,3.84,0.14291,0.09839,0.88,2.4728467,0.095010005,40.66560651956845,0.0,0.08571762232862315,0.0,-0.012676808113157193,0,0,2026/10/29,44,4521698,5063365.96,0.0,70.0206527709961,2026/09/02,76.39,0.0,0,0,0
FOX,Fox Corporation,0.0,15.921875,10.642298,3.84,0.14291,0.09839,0.99,2.2061849,0.095010005,39.10155611259618,0.0,0.08571762232862315,0.0,-0.012676808113157193,0,0,2026/10/29,44,803733,1131090.66,0.0,62.38201904296875,2026/09/02,68.175,0.0,0,0,0
BEN,"Franklin Templeton, Inc.",0.0,22.768707,10.533439,1.47,0.07887,0.08717,3.92,1.4471011,0.02638,40.726601425369424,0.0,0.10393697196346928,0.8034364417891389,-0.016720062530315154,0,0,2026/11/06,52,2703645,3945628.9,0.0,35.029998779296875,2026/09/30,36.28,0.0,0,1,0
FCX,"Freeport-McMoRan, Inc.",0.0,33.990196,16.767504,2.04,0.14755,0.113850005,0.84,4.9517956,0.07585,34.69759131241814,0.0,0.043063862627821727,0.28157437777349026,-0.058555538363677,0,0,2026/10/22,37,11036837,14413942.74,0.0,79.91000366210938,2026/07/15,80.24,0.0,0,0,0
GRMN,Garmin Ltd.,0.0,28.905155,25.477417,9.7,0.21886998,0.24471001,1.49,5.990514,0.12174,40.023355804448215,0.0,0.18810426140625675,0.5874393538958355,0.00277687094272167,0,0,2026/10/28,43,775666,905325.32,0.0,306.3138427734375,2026/12/11,314.28,0.0,0,0,0
IT,"Gartner, Inc.",0.0,17.722122,12.046808,11.12,1.13581,0.11996,0.0,-75.85451,0.1017,33.73087833859658,0.0,0.1808807327927334,0.6839304958762401,-0.06940089544116555,0,0,2026/11/03,49,1649803,1350946.06,0.0,202.77999877929688,1999/07/19,265.85,0.0,0,0,0
GE,GE Aerospace,0.0,37.448116,34.927677,8.48,0.48231998,0.17716,0.58,18.678902,0.05065,34.466860382648164,0.0,0.15841238687166068,0.3148620652055392,0.001282947552796749,0,0,2026/10/20,35,5140732,3706368.64,0.0,375.0899963378906,2026/07/06,388.84,0.0,0,0,1
GEHC,GE HealthCare Technologies Inc.,0.0,14.804147,11.875672,4.34,0.19376,0.093339995,0.22,2.6442506,0.05131,1.328267338593804,0.0,0.07296969696969698,0.39985454545454546,0.0026282989215845663,0,0,2026/10/28,43,2622262,4127509.24,0.0,74.81999969482422,2026/07/24,89.77,0.0,0,0,0
GEV,GE Vernova Inc.,0.0,25.107922,34.56152,34.84,0.82577,0.23035,0.21,19.484575,0.02544,53.0181927516549,0.0,0.0974571818850478,0.19793527372071032,-0.0016345055224070077,0,0,2026/10/28,43,3293817,2404614.34,0.0,1079.0,2026/06/16,1195.94,0.0,0,0,1
GEN,Gen Digital Inc.,0.0,18.36842,9.497489,1.71,0.41944,0.20732,1.65,7.083897,0.084910005,59.14149284471239,0.0,0.3046,0.7846,-0.036692539611264355,0,0,2026/11/05,51,6817746,4938542.92,0.0,31.329999923706055,2026/08/17,31.65,0.0,0,0,0
GNRC,Generac Holdlings Inc.,0.0,40.59174,14.972636,4.36,0.09491,0.05817,0.0,3.6289444,0.04721,35.9457299871174,0.0,0.06370126773904547,0.3829129750041992,-0.049953361146201636,0,0,2026/10/28,43,1207137,1041116.74,0.0,221.25,2013/06/10,296.44,0.0,0,0,1
GD,General Dynamics Corporation,0.0,21.743448,19.196419,16.41,0.17803,0.08179,1.79,3.5932527,0.06079,21.450490307639598,0.0,0.07533777354900095,0.1513035204567079,-0.01589547415675383,0,0,2026/10/28,43,909956,1030601.12,0.0,393.4800109863281,2026/10/09,400.0,0.0,0,0,0
GIS,"General Mills, Inc.",0.0,0.0,11.364593,-0.16,-0.01028,-0.00475,6.81,3.5223103,0.057350002,20.55749514855607,0.0,0.0882678592750996,0.33627324338113174,-0.07508486942268804,0,0,2026/09/23,8,11881901,9065572.02,0.0,41.54999923706055,2026/07/10,51.33,0.0,0,0,0
GM,General Motors Company,0.0,38.910717,5.8737707,2.24,0.03164,0.01051,0.84,1.2328845,0.02247,45.578031047806306,0.0,0.009571989903739616,0.06267464422572817,-0.08592739011106212,0,0,2026/10/20,35,5471173,6258349.46,0.0,87.76000213623047,2026/09/04,91.85,0.0,0,1,0
GPC,Genuine Parts Company,0.0,532.84,16.040142,0.25,0.0070700003,0.00131,3.18,4.0574455,0.04481,47.713406893149646,0.0,0.01732187479899808,0.3679278239578939,-0.039663168160095866,0,0,2026/10/20,35,933113,1415076.26,0.0,138.41256713867188,2026/09/04,151.57,0.0,0,1,0
GILD,"Gilead Sciences, Inc.",0.0,0.0,14.805176,-2.64,-0.2068,-0.10637999,2.28,15.359841,0.14085001,42.56889538354561,0.0,0.32117383329936827,0.7882616670063175,-0.025566304660894906,0,0,2026/10/29,44,4919763,6228873.26,0.0,151.22000122070312,2026/09/15,157.29,0.0,0,0,0
GPN,Global Payments Inc.,0.0,42.74408,5.6408024,2.11,0.02428,-0.091529995,1.13,1.0373344,0.023340002,31.84107202382704,0.0,0.2645802334270021,0.7257442954586096,-0.023556818750229195,0,0,2026/11/03,49,2507897,2941131.94,0.0,94.03376770019531,2026/09/11,95.88,0.0,0,1,0
GL,Globe Life Inc.,0.0,11.4897,10.468428,15.05,0.20944999,0.19577,0.77,2.1644762,0.03358,45.1436845706854,0.0,0.20918259591833466,0.0,-0.007631445138089912,0,0,2026/10/21,36,391758,555695.16,0.0,179.41000366210938,2026/10/05,191.55,0.0,0,0,1
GDDY,GoDaddy Inc.,0.0,15.523031,9.473589,6.73,4.42861,0.17834999,0.0,1971.1321,0.09882,45.77732262640576,0.0,0.31821211447961056,0.6361414635131587,-0.09015669143362083,0,0,2026/10/29,44,1963817,1901752.34,0.0,103.62999725341797,-,148.19,0.0,0,0,0
GS,"Goldman Sachs Group, Inc. (The)",0.0,15.267996,13.35158,64.74,0.16902,0.31039,1.94,2.7301552,0.010720001,49.26154287353025,0.0,-0.8101504726935813,0.0,0.03444940640682687,0,0,2026/10/13,28,2198325,1875562.5,0.0,1053.71923828125,2026/09/01,1153.99,0.0,0,1,0
HAL,Halliburton Company,0.0,18.329842,12.063012,1.91,0.14917,0.0716,1.9,2.6520717,0.07258,59.304541667184836,0.0,0.07536963577353047,0.1570501262170934,-0.0656937225109956,0,0,2026/10/20,35,9842597,11217525.94,0.0,37.630001068115234,2026/09/02,43.59,0.0,0,0,0
HIG,"The Hartford Insurance Group, I",0.0,9.502072,10.051209,14.48,0.22061001,0.1489,1.76,1.9364963,0.038510002,43.50313703473885,0.0,0.20494460475223542,0.0,-0.02425666011605056,0,0,2026/10/29,44,1205780,1483577.6,0.0,140.0,2026/09/01,146.07,0.0,0,1,0
HAS,"Hasbro, Inc.",0.0,16.149467,13.908065,5.62,1.5956,0.15968001,3.06,18.18109,0.13079001,34.3573084587578,0.0,0.14781018016293365,0.645821368557633,-0.21894812680115275,0,0,2026/10/22,37,895305,1889534.1,0.0,96.73999786376953,2026/08/19,106.98,0.0,0,0,0
HCA,"HCA Healthcare, Inc.",0.0,14.278188,13.287431,29.8,0.0,0.08768,0.73,-13.9628525,0.12291,48.30033503466716,0.0,0.10174603174603175,0.415,-0.0963768115942029,0,0,2026/10/23,38,1305838,1485440.76,0.0,429.239990234375,2026/09/16,556.52,0.0,0,1,0
DOC,"Healthpeak Properties, Inc.",0.0,58.200005,145.5,0.35,0.03039,0.08248,6.01,1.7902972,0.01513,13.259737207878487,0.0,0.44356197599868485,0.5999666254740458,-0.05805522005340475,0,0,2026/10/22,37,3243007,5207270.14,0.0,21.65999984741211,2026/09/14,22.95,0.0,0,0,0
HSIC,"Henry Schein, Inc.",0.0,25.927113,14.825744,3.43,0.088549994,0.02963,0.0,3.15254,0.043920003,44.39024063464606,0.0,0.03951759708737864,0.3113622572815534,-0.02799821667409719,0,0,2026/11/03,49,818349,1160662.98,0.0,90.86000061035156,-,92.18,0.0,0,1,0
HSY,The Hershey Company,0.0,23.759233,17.59993,7.31,0.32808998,0.12242,3.35,7.648069,0.09922,15.403824481918775,0.0,0.14959475140465198,0.33548561069861765,-0.10145388750421448,0,0,2026/11/05,51,1125591,1471865.82,0.0,189.94000244140625,2026/08/14,239.48,0.0,0,0,0
HPE,Hewlett Packard Enterprise Comp,0.0,28.561855,12.0527,1.94,0.10936,0.06666,0.92,2.7754958,0.02641,65.77400422008687,0.0,0.018282015395381386,0.3025717284814556,-0.037704529286222435,0,0,-,-13,31133099,20189895.98,0.0,62.09000015258789,2026/09/17,64.25,0.0,0,0,0
HLT,Hilton Worldwide Holdings Inc.,0.0,45.67647,29.70816,6.8,0.0,0.31034002,0.2,-11.121854,0.11026,20.948881912495438,0.0,0.16147520558185896,0.2820001661267547,-0.04006200071539287,0,0,2026/10/28,43,1693027,1924002.54,0.0,334.5776672363281,2026/08/21,358.0,0.0,0,0,0
HD,"Home Depot, Inc. (The)",0.0,21.754374,19.399307,14.29,1.0429599,0.0841,3.02,18.670872,0.121379994,21.55509458472568,0.0,0.07678995403289957,0.33315521334928316,-0.02063846995575432,0,0,2026/11/17,63,4080640,3778306.8,0.0,341.78131103515625,2026/09/03,426.75,0.0,0,0,0
HONA,Honeywell Aerospace Inc.,0.0,50.02439,18.077852,3.28,0.0,0.10862,0.0,-9.128741,0.0,46.640761099247804,0.0,0.18392323603769248,0.34836819122040913,-0.10884930732258977,0,0,2026/11/04,50,4120977,3832801.54,0.0,170.3699951171875,-,297.5,0.0,0,0,1
HON,Honeywell International Inc.,0.0,7.7453847,20.236795,26.0,0.46577,0.21581,1.38,3.4431584,0.0572,30.394935141697047,0.0,0.14481064045724054,0.3693445862934672,-0.02278742145193469,0,0,2026/10/22,37,3257018,3178536.36,0.0,229.4499969482422,2026/08/14,260.28317,0.0,0,0,0
HRL,Hormel Foods Corporation,0.0,33.80645,13.491854,0.62,0.042930003,0.028210001,5.69,1.4706707,0.04634,15.21736999867315,0.0,0.04413860381822147,0.1562688746885883,-0.027406162821371184,0,0,-,-19,4301562,4387323.24,0.0,24.40999984741211,2026/07/13,26.6,0.0,0,0,0
HST,"Host Hotels & Resorts, Inc.",0.0,15.010067,21.187202,1.49,0.15558,0.16474001,3.6,2.3981342,0.0433,30.61223536519097,0.0,0.1416421328099444,0.5260058881256133,-0.05709249750938769,0,0,2026/11/04,50,6726336,8924036.72,0.0,23.209999084472656,2026/06/30,25.71,0.0,0,0,0
HWM,Howmet Aerospace Inc.,0.0,48.95043,35.242588,4.64,0.34732,0.20522,0.24,15.849965,0.12815,30.486656683911065,0.0,0.1734125060591372,0.34173533688802715,-0.03363449324626532,0,0,2026/11/05,51,2833931,2704666.62,0.0,292.6499938964844,2026/08/07,310.0,0.0,0,0,0
HPQ,HP Inc.,0.0,12.984734,10.841404,2.62,0.0,0.04143,3.38,-333.52942,0.05629,77.68402594103362,0.0,0.05063748982728999,0.20602224432588842,-0.02796332208096914,0,0,2026/11/24,70,19598962,15289675.24,0.0,35.47999954223633,2026/09/09,36.23,0.0,0,0,0
HUBB,Hubbell Inc,0.0,26.176332,19.3068,16.9,0.24444,0.14491999,1.23,5.9746366,0.08427,46.93641671241752,0.0,0.1496595147657667,0.35316360401053964,-0.017341532179661678,0,0,2026/10/27,42,457228,515377.08,0.0,502.7420654296875,2026/08/31,565.4999,0.0,0,0,0
HUM,Humana Inc.,0.0,38.507095,24.56659,10.57,0.06893,0.00878,0.86,2.543859,0.03896,69.96042011208873,0.0,0.002892090325765054,0.0,0.005459117953750843,0,0,2026/11/06,52,705886,1221757.72,0.0,409.79998779296875,2026/10/30,428.88,0.0,0,1,0
HBAN,Huntington Bancshares Incorpora,0.0,12.900001,8.931567,1.3,0.09002,0.26131,3.68,1.139189,0.00982,45.945941301807686,0.0,0.27241421719345715,0.0,-0.001203877284479312,0,0,2026/10/22,37,19362987,23136615.74,0.0,17.950000762939453,2026/09/17,19.46,0.0,0,0,0
HII,"Huntington Ingalls Industries, ",0.0,16.687128,13.43956,16.78,0.12968001,0.05013,1.97,2.0771024,0.042779997,31.843222812743164,0.0,0.06360140980454983,0.1269625120153797,-0.04635657698643031,0,0,2026/10/29,44,327900,459288.0,0.0,316.8622741699219,2026/08/28,460.0,0.0,0,0,0
IBM,International Business Machines,0.0,22.12167,18.924345,11.26,0.34460998,0.15522,2.78,6.811693,0.053039998,61.53266460151617,0.0,0.16961324330727315,0.5818674484719261,-0.017118777982617857,0,0,2026/10/21,36,6475704,8848720.08,0.0,243.2899932861328,2026/08/10,332.46,0.0,0,1,0
IEX,IDEX Corporation,0.0,31.962591,23.077465,6.95,0.12955,0.1449,1.3,4.1013994,0.0684,35.56638064939102,0.0,0.1783947939262473,0.44506146059291396,-0.028468312400750685,0,0,2026/10/28,43,485338,630508.76,0.0,240.38999938964844,2026/07/06,243.8,0.0,0,0,0
IDXX,"IDEXX Laboratories, Inc.",0.0,35.808857,30.44021,14.23,0.74211,0.25030002,0.0,24.923454,0.27085,21.76779982331435,0.0,0.2424840288663109,0.6179747110743262,-0.03651142920156299,0,0,2026/11/02,48,447362,580527.24,0.0,562.2000122070312,-,769.98,0.0,0,0,0
ITW,Illinois Tool Works Inc.,0.0,24.347511,21.702917,11.05,1.04618,0.19393998,2.57,26.475105,0.16924,28.64487157792206,0.0,0.168723510346547,0.44097481924707055,-0.003715630418627694,0,0,2026/10/23,38,1268220,1245642.4,0.0,287.2799987792969,2026/09/30,303.16,0.0,0,0,0
INCY,Incyte Corporation,0.0,15.565605,13.751649,7.85,0.30667,0.27706,0.0,3.8706918,0.16832,36.67621355933579,0.0,0.25862058234177654,0.9276244922919403,-0.018230596755693072,0,0,2026/10/27,42,1455959,1567469.18,0.0,129.72000122070312,-,132.6,0.0,0,0,0
IR,Ingersoll Rand Inc.,0.0,29.805782,18.413334,2.42,0.0947,0.12076,0.11,2.7497997,0.051020004,23.45866188481567,0.0,0.15947143473316866,0.4360663451358664,-0.04231795028747568,0,0,2026/10/29,44,3709355,3889501.1,0.0,82.30999755859375,2026/08/13,100.96,0.0,0,0,0
PODD,Insulet Corporation,0.0,25.853659,17.8709,5.33,0.26016,0.12291,0.0,6.719657,0.09715,27.23275952848479,0.0,0.12920497765961375,0.7163324840293933,-0.10099047141424272,0,0,2026/11/05,51,2343477,1657011.54,0.0,151.50999450683594,-,354.88,0.0,0,0,0
INTC,Intel Corporation,0.0,0.0,47.530552,-2.09,-0.10715,-0.19794,0.0,5.598825,0.0141199995,73.1678568811683,0.0,-0.0936370688513424,0.34766238434904356,-0.047126931499463176,0,0,2026/10/22,37,95866322,105415534.44,0.0,106.23999786376953,2024/08/07,142.35,0.0,0,0,0
IBKR,"Interactive Brokers Group, Inc.",0.0,36.011906,28.48113,2.52,0.24018998,0.16474001,0.38,6.925895,0.022839999,46.968854274476435,0.0,1.5402073958129525,0.8976716885149677,-0.07295315882700255,0,0,2026/10/20,35,3830155,4152013.1,0.0,98.10118865966797,2026/09/01,98.75,0.0,0,0,0
ICE,Intercontinental Exchange Inc.,0.0,22.281075,17.924854,7.08,0.14094,0.38246,1.32,2.9947226,0.02172,38.68875560163592,0.0,0.30625,0.5615506329113924,-0.009840233185035832,0,0,2026/10/29,44,2154335,3794504.7,0.0,164.58999633789062,2026/09/16,176.05,0.0,0,1,0
IFF,International Flavors & Fragran,0.0,0.0,21.062809,-3.09,-0.05548,0.02569,1.91,1.5240304,0.0227,38.32275046570017,0.0,0.02332415059687787,0.3616161616161616,-0.04741767492854066,0,0,2026/11/03,49,1584407,1661314.14,0.0,87.94999694824219,2026/09/18,89.32,0.0,0,1,0
IP,International Paper Company,0.0,0.0,11.392097,-5.39,-0.16479,-0.14205,5.38,1.2546247,0.01591,14.84210365696957,0.0,-0.006727595836506728,0.29605652872979604,-0.13734063849963124,0,0,2026/10/28,43,5754376,4800829.52,0.0,41.4900016784668,2026/08/14,50.25,0.0,0,0,0
INTU,Intuit Inc.,0.0,20.604496,12.402442,16.46,0.23596,0.21289,1.72,4.8572125,0.1047,24.688505596914183,0.0,0.40176240208877284,0.8017064528161134,-0.11613113684553907,0,0,2026/11/19,65,3613214,3976382.28,0.0,369.9200134277344,2026/10/08,705.08,0.0,0,0,0
ISRG,"Intuitive Surgical, Inc.",0.0,43.391502,31.256487,8.71,0.17423001,0.28445998,0.0,7.3617983,0.10512,46.71325395914073,0.0,0.24746887636988682,0.6599600584220096,-0.14812769139779164,0,0,2026/10/20,35,2429802,3148556.04,0.0,397.7200012207031,-,603.88,0.0,0,0,0
IVZ,Invesco Ltd,0.0,0.0,9.638739,-0.68,-0.0057300003,-0.00934,2.66,1.3965342,0.02915,48.39317623609871,0.0,0.2259647802292578,0.3523858807294852,-0.06669373292979995,0,0,2026/10/27,42,3370876,4360953.52,0.0,33.310001373291016,2026/08/14,33.66,0.0,0,1,0
INVH,Invitation Homes Inc.,0.0,25.311926,38.810505,1.09,0.070539996,0.23197001,4.36,1.7996217,0.02479,0.3401439984014587,0.0,0.35301337780878295,0.5842455343795616,-0.033099379078162065,0,0,2026/10/28,43,5096456,3970153.12,0.0,30.459999084472656,2026/09/24,30.893,0.0,0,0,0
IQV,"IQVIA Holdings, Inc.",0.0,33.043533,18.373413,8.04,0.22818,0.08096,0.0,7.086234,0.05061,51.888424917641544,0.0,0.1257510729613734,0.33292458614347026,-0.04321399946566925,0,0,2026/11/03,49,1245656,1344381.12,0.0,271.6199951171875,-,271.8,0.0,0,0,0
IRM,Iron Mountain Incorporated (Del,0.0,79.475174,41.075153,1.41,0.0,0.055359997,3.0,-26.042295,0.04634,37.57751212455053,0.0,-0.14592210627556512,0.5538108739872296,-0.05658731005165013,0,0,2026/11/04,50,1415488,1795677.76,0.0,129.89999389648438,2026/09/15,134.68,0.0,0,0,0
JBHT,"J.B. Hunt Transport Services, I",0.0,39.116642,27.185226,7.03,0.18448,0.05311,0.67,7.061708,0.0738,61.0726986518058,0.0,0.07897136584289349,0.13306202400580844,-0.13623929392070674,0,0,2026/10/15,30,899264,921409.28,0.0,283.3699951171875,2026/08/07,299.76,0.0,0,0,1
JBL,Jabil Inc.,0.0,37.433582,17.742785,7.98,0.65876,0.02566,0.1,23.66849,0.05011,59.987872451839905,0.0,0.039326219716797534,0.08878598751761627,-0.05301191824408132,0,0,2026/09/30,15,749535,1013910.7,0.0,369.8900146484375,2026/08/14,428.93,0.0,0,0,0
JKHY,"Jack Henry & Associates, Inc.",0.0,23.5745,21.013098,6.98,0.24040002,0.19760999,1.51,5.6191096,0.12989001,31.783643816240087,0.0,0.19907174319145365,0.43653302488386964,-0.08239281993800447,0,0,2026/11/03,49,1370650,1022589.0,0.0,172.99098205566406,2026/09/04,193.39,0.0,0,0,0
J,Jacobs Solutions Inc.,0.0,47.86379,17.444319,3.01,0.07998,0.0238,1.02,5.169358,0.04551,24.097695065760973,0.0,0.05049733648562073,0.24812866533003963,-0.03531364265918746,0,0,2026/11/19,65,662455,852885.1,0.0,151.97999572753906,2026/08/21,168.44,0.0,0,0,0
JNJ,Johnson & Johnson,0.0,30.859793,21.512117,8.63,0.25742,0.21482,2.02,7.5478973,0.08595,42.09299886525203,0.0,0.20503646767806524,0.6787871710212011,0.011415089603935545,0,0,2026/10/13,28,4660107,7035004.14,0.0,278.42999267578125,2026/08/25,281.07,0.0,0,0,0
JCI,Johnson Controls International ,0.0,38.805634,22.77085,3.55,0.14332,0.14319,1.1,6.189513,0.05402,56.123260954040425,0.0,0.040896762163078484,0.3641295134768605,0.04986952739924616,0,0,2026/11/04,50,4183896,3283143.92,0.0,153.9199981689453,2026/09/21,157.06,0.0,0,0,0
JPM,JP Morgan Chase & Co.,0.0,15.007715,14.011931,23.33,0.17789,0.34921002,1.68,2.632418,0.0136,49.728990426016914,0.0,-0.812672191457654,0.0,0.046290311645460915,0,0,2026/10/13,28,8228221,7135608.42,0.0,363.25,2026/07/06,366.5,0.0,0,1,0
KVUE,Kenvue Inc.,0.0,21.070587,14.445762,0.85,0.15581,0.107609995,4.72,3.2587337,0.06992,16.86747449399722,0.0,0.11385876752181963,0.581327691087014,-0.02685034717092628,0,0,2026/11/05,51,36894979,21985073.58,0.0,19.43000030517578,2026/09/21,20.13,0.0,0,0,0
KDP,Keurig Dr Pepper Inc.,0.0,31.898989,12.459167,0.99,0.051,0.07103,2.93,1.7167708,0.03378,37.5555674235026,0.0,0.0896223574052882,0.5420104800337289,0.0015867577850303828,0,0,2026/10/26,41,7387934,11455216.68,0.0,32.880001068115234,2026/06/26,33.82,0.0,0,1,0
KEY,KeyCorp,0.0,12.824561,10.263539,1.71,0.1033,0.2754,3.75,1.3590729,0.0107700005,53.66912818425812,0.0,0.28840082361015784,0.0,-0.002055526328634729,0,0,2026/10/20,35,16493212,10307704.24,0.0,22.821434020996094,2026/09/01,24.07,0.0,0,0,0
KEYS,Keysight Technologies Inc.,0.0,42.677505,22.705433,7.38,0.20897,0.19143,0.0,8.162758,0.072270006,72.53540755495538,0.0,0.23832558139534885,0.6208372093023256,-0.04946464914609327,0,0,2026/11/24,70,1140381,1258165.62,0.0,361.1499938964844,-,374.963,0.0,0,0,0
KMB,Kimberly-Clark Corporation,0.0,19.583004,13.231371,5.06,1.04913,0.1179,5.22,18.831242,0.10195,13.424646355116167,0.0,0.09965343223688211,0.36012646683285704,-0.044215697742426015,0,0,2026/11/03,49,6125495,3823477.9,0.0,110.04945373535156,2026/09/04,127.78,0.0,0,0,0
KIM,Kimco Realty Corporation (HC),0.0,26.999998,26.386362,0.86,0.05806,0.27759,4.83,1.5160615,0.023740001,30.11375646320444,0.0,0.5233431271949744,0.6905149066686105,-0.02718748492120935,0,0,2026/10/29,44,3783723,4529804.46,0.0,24.07485008239746,2026/09/04,26.65,0.0,0,1,1
KMI,"Kinder Morgan, Inc.",0.0,19.974194,20.05519,1.55,0.109910004,0.19305,3.82,2.1776745,0.04453,48.559677242115505,0.0,0.1706913857235638,0.5287240951762414,-0.03932754165062957,0,0,2026/10/28,43,14529258,10239969.16,0.0,32.869998931884766,2026/08/03,34.81,0.0,0,0,0
KKR,KKR & Co. Inc.,0.0,32.674118,13.8031645,3.13,0.0728,0.12201,0.77,3.2211022,0.01386,33.95061849524281,0.0,0.016503671682334815,0.1799646014086965,0.004614727187864854,0,0,2026/11/05,51,3269851,4158951.02,0.0,110.45999908447266,2026/08/10,152.1,0.0,0,0,0
KLAC,KLA Corporation,0.0,46.073566,25.217026,3.67,0.87496,0.35574,0.51,34.806507,0.20799999,49.04221639947287,0.0,0.2774137971155883,0.6130145227989652,0.038308256090635144,0,0,2026/10/28,43,12036796,10787699.92,0.0,205.75999450683594,2026/08/17,307.37,0.0,0,0,0
KHC,The Kraft Heinz Company,24.600000381469727,0.0,11.775801,-2.88,-0.0876,-0.13639,6.5,0.8103034,0.0363,43.16984441880726,25.1074426651001,0.14678053083152914,0.33313286825435007,-0.1260362409214291,0,0,2026/10/28,43,123781300,17138600.0,23.242316789627075,25.846782684326172,2026/09/04,28.09,0.12424348944571995,0,1,0
KR,Kroger Company (The),0.0,32.924324,11.03424,1.85,0.14442,0.0072600003,2.46,6.5834417,0.05801,46.52532369879084,0.0,0.02340797334091925,0.23300957722057408,-0.1260184573499089,0,0,2026/12/03,79,8897052,6843129.04,0.0,59.08000183105469,2026/08/14,76.58,0.0,0,1,0
LHX,"L3Harris Technologies, Inc.",0.0,25.144445,18.511894,9.9,0.0,0.103690006,2.04,2.4219456,0.0,21.11599268515093,0.0,0.12266178824605534,0.25726046192545166,-0.03641218594489622,0,0,2026/10/29,44,2342883,1532179.66,0.0,278.20703125,2026/09/04,379.23,0.0,0,0,0
LH,Labcorp Holdings Inc.,0.0,26.08023,15.893666,12.09,0.11728,0.069860004,0.92,2.963774,0.05527,20.552881344005385,0.0,0.08644107886494119,0.28759936065139013,-0.04153821896730768,0,0,2026/10/27,42,707734,695054.68,0.0,338.614013671875,2026/08/28,341.8,0.0,0,0,0
LRCX,Lam Research Corporation,0.0,47.4809,23.471828,5.76,0.65066004,0.31272,0.44,27.43955,0.22840999,43.83701999712923,0.0,0.21053317545234754,0.5046900724797688,0.05982806527041116,0,0,2026/10/21,36,13124799,9625161.98,0.0,343.8399963378906,2026/09/23,438.5,0.0,0,1,0
LVS,Las Vegas Sands Corp.,0.0,16.434109,12.077021,2.58,1.22869,0.12588,2.8,47.268673,0.09549,24.93947748821185,0.0,0.13674425750941077,0.49788737804409616,-0.06368613138686131,0,0,2026/10/21,36,4375421,5029486.42,0.0,47.27000045776367,2026/08/04,70.45,0.0,0,0,0
LDOS,"Leidos Holdings, Inc.",0.0,12.402428,10.417794,10.71,0.27781,0.07803,1.33,3.1546574,0.089099996,31.603262479665233,0.0,0.09461977407709328,0.18044718760917666,-0.022381975839324095,0,0,2026/11/03,49,1195471,1396867.42,0.0,146.30999755859375,2026/09/15,205.77,0.0,0,0,0
LEN,Lennar Corporation,0.0,12.537617,12.547372,6.38,0.07368,0.04934,2.51,0.8912435,0.03943,26.96445678324423,0.0,0.0008243792789373859,0.09907659458435202,0.05406167223494723,0,0,2026/09/16,1,3709700,2530964.0,0.0,88.16000366210938,2026/07/10,139.44,0.0,0,0,1
LII,"Lennox International, Inc.",0.0,16.237673,13.951179,22.51,0.71757007,0.14871,1.49,9.737586,0.15994,29.316829717200875,0.0,0.12295728831828769,0.3339171943872346,0.1974129060708511,0,0,2026/10/28,43,574211,517596.22,0.0,419.3399963378906,2026/06/30,587.27,0.0,0,0,1
LLY,Eli Lilly and Company,0.0,38.210136,24.094229,29.79,1.02286,0.33528998,0.62,29.953161,0.20357001,2.6347396145878292,0.0,0.09150186409733196,0.8304361834333144,0.034025036452220915,0,0,2026/10/29,44,2121895,2545271.9,0.0,1280.3399658203125,2026/08/14,1292.65,0.0,0,0,0
LIN,Linde plc,0.0,30.000647,23.748426,15.48,0.18400998,0.20435,1.37,5.4779544,0.07164,26.604677906712,0.0,0.14973812746425,0.4883481433531454,-0.03976179780457745,0,0,2026/10/30,45,1436105,2024478.1,0.0,488.7205505371094,2026/09/03,548.2,0.0,0,0,1
LYV,"Live Nation Entertainment, Inc.",0.0,0.0,90.82676,-1.11,0.17677,0.00513,0.0,480.36417,0.02101,22.145038653269694,0.0,0.012101666073710332,0.25546392133835705,-0.03925118187500264,0,0,2026/11/03,49,1514178,1914669.56,0.0,186.77000427246094,-,189.25,0.0,0,0,0
LMT,Lockheed Martin Corporation,0.0,19.534317,16.178152,27.1,0.89165,0.08163,2.63,13.886469,0.08638,29.94757786662784,0.0,0.0920477561027609,0.10152169278328536,-0.05915775401069519,0,0,2026/10/20,35,969756,1103407.12,0.0,603.4375610351562,2026/09/01,692.0,0.0,0,0,0
L,Loews Corporation,0.0,13.398773,37.65517,8.15,0.09313,0.09024,0.23,1.1676897,0.01909,33.62071962454371,0.0,0.1485475352112676,0.0,-0.018668643164867743,0,0,2026/11/02,48,746691,739185.82,0.0,112.38700103759766,2026/08/19,121.01,0.0,0,1,1
LOW,"Lowe's Companies, Inc.",0.0,16.75148,15.210943,11.83,0.0,0.073460005,2.54,-14.948329,0.12519,18.946419849771942,0.0,0.08867023619127089,0.334758825301903,-0.059286347517730494,0,0,2026/11/18,64,2363530,2996454.6,0.0,220.0,2026/10/21,293.06,0.0,0,0,0
LULU,lululemon athletica inc.,0.0,8.255144,11.417267,12.15,0.30898002,0.12782,0.0,2.3379953,0.14401,27.241446501767115,0.0,0.08301433898366148,0.566005440167168,-0.0027544883414335757,0,0,-,-12,4801217,4432680.34,0.0,122.77999877929688,-,225.98,0.0,0,0,0
LITE,Lumentum Holdings Inc.,0.0,0.0,21.0335,-92.98,-2.40027,-2.3009598,0.0,15.931431,0.05815,60.0669371981657,0.0,0.09956867949568679,0.4166887856668879,-1.0518645227505987,0,0,2026/11/05,51,4895217,4546044.34,0.0,988.97998046875,-,1085.68,0.0,0,1,0
LYB,LyondellBasell Industries NV,0.0,0.0,9.789927,-0.83,-0.02269,-0.01132,4.33,1.8993856,0.04112,43.5414906569214,0.0,0.012735051238682718,0.0854641329220973,-0.08843337352586536,0,0,2026/10/30,45,4637481,4285969.62,0.0,67.4041748046875,2026/08/24,83.94,0.0,0,1,0
MTB,M&T Bank Corporation,0.0,12.58307,11.278862,18.9,0.10742,0.32092,2.5,1.3510197,0.01408,49.085397635871956,0.0,0.2969269102990033,0.0,-0.00071191044915929,0,0,2026/10/16,31,1090681,1038975.62,0.0,251.23867797851562,2026/09/01,255.95,0.0,0,0,0
MPC,Marathon Petroleum Corporation,0.0,13.756073,10.710411,28.82,0.42099,0.05549,1.01,5.8811746,0.087390006,76.63002575971706,0.0,0.035923405602152236,0.07537358985372912,-0.05009826692871181,0,0,2026/11/03,49,3481820,2311210.4,0.0,399.44000244140625,2026/08/19,409.5,0.0,0,0,0
MAR,Marriott International,0.0,35.20786,25.876974,9.67,0.0,0.35029998,0.87,-19.697985,0.09761,24.866985452586206,0.0,0.09959520354387841,0.1994195371572596,-0.022185911401597674,0,0,2026/11/03,49,1688362,1575639.24,0.0,360.20001220703125,2026/08/20,410.98,0.0,0,0,0
MRSH,Marsh,0.0,22.030525,15.812808,8.19,0.25902998,0.14241,2.24,5.6794357,0.07244,15.447477401255725,0.0,0.18535265557243988,0.422667803268967,-0.01928121274058934,0,0,2026/10/15,30,1771929,2284002.58,0.0,194.6699981689453,2026/07/23,207.83,0.0,0,0,0
MLM,"Martin Marietta Materials, Inc.",0.0,32.527275,22.726717,15.4,0.08894,0.36737,0.66,2.6052947,0.045679998,35.89761315969673,0.0,0.15902439024390244,0.3071544715447154,-0.03463203463203463,0,0,2026/11/03,49,789273,623491.46,0.0,537.7876586914062,2026/09/01,710.97,0.0,0,0,1
MRVL,"Marvell Technology, Inc.",0.0,72.456955,32.365993,3.02,0.16523,0.27934998,0.1,10.518169,0.04125,53.39922778370082,0.0,0.1698557586703439,0.5101774339198984,0.041264869667448946,0,0,2026/12/01,77,21964872,23789515.44,0.0,251.00999450683594,2026/07/10,329.88,0.0,0,1,0
MAS,Masco Corporation,0.0,15.993088,14.894435,4.34,58.625,0.11614,1.87,-37.498653,0.15857,32.795282422152695,0.0,0.11451996826236445,0.3542713567839196,-0.04076139203999231,0,0,2026/10/29,44,2138457,2337029.14,0.0,74.92144012451172,2026/08/24,83.64,0.0,0,1,0
MA,Mastercard Incorporated,0.0,31.631056,24.94787,18.16,2.41202,0.46339,0.61,89.80926,0.24063,24.239932495404176,0.0,0.5011436064773871,0.7788722515324327,-0.0494857543807818,0,0,2026/10/29,44,2489116,2842454.32,0.0,599.8599853515625,2026/07/09,601.62,0.0,0,0,0
MKC,"McCormick & Company, Incorporat",0.0,8.384359,15.278726,6.01,0.24728,0.21912001,3.74,1.9365872,0.05136,20.316285838790478,0.0,0.10824086662865663,0.3789599871350672,-0.013090512408714887,0,0,2026/10/01,16,3937894,2899213.88,0.0,56.47999954223633,2026/07/06,72.41,0.0,0,0,0
MCD,McDonald's Corporation,0.0,20.934145,18.422104,12.3,0.0,0.3172,2.95,-178.07054,0.1325,17.85963747743996,0.0,0.26728659103589364,0.5740747628789288,-0.03340334369486684,0,0,2026/11/05,51,4136836,4430982.72,0.0,270.6164855957031,2026/09/01,341.75,0.0,0,0,0
MCK,McKesson Corporation,0.0,24.4288,18.048782,37.29,0.0,0.01117,0.43,-24.922031,0.04743,52.9442250299337,0.0,0.013410009171355625,0.036065736311132045,-0.016921152047422956,0,0,2026/11/04,50,619155,951991.1,0.0,924.780029296875,2026/09/01,999.0,0.0,0,0,0
MDT,Medtronic plc.,0.0,23.103449,14.641929,4.06,0.106479995,0.13934,3.17,2.3902962,0.05118,42.684753977816065,0.0,0.14921350786492135,0.6501759982400176,-0.027185363546459132,0,0,2026/11/17,63,9206743,7517962.86,0.0,94.16999816894531,2026/09/25,106.33,0.0,0,1,0
MRK,"Merck & Company, Inc.",0.0,115.880005,15.166682,1.25,0.06961,0.047659997,2.36,8.527612,0.11868,37.750253572511745,0.0,0.19012167171709404,0.7480118749134762,0.013020034194029197,0,0,2026/10/29,44,7380852,9601923.04,0.0,156.4499969482422,2026/09/15,156.92,0.0,0,0,0
META,"Meta Platforms, Inc.",0.0,25.050808,19.039085,26.57,0.29848,0.29834998,0.32,6.4923916,0.14591,82.80866702782282,0.0,0.2294368201586338,0.8199944269179861,-0.1511989749222039,0,0,2026/10/28,43,19270307,17893760.14,0.0,653.6900024414062,2026/09/21,790.8,0.0,0,0,0
MET,"MetLife, Inc.",0.0,18.726055,8.95099,5.22,0.13094,0.04567,2.44,2.2717764,0.00451,53.37200958459913,0.0,0.22592328231157638,0.0,-0.018402610961852795,0,0,2026/11/09,55,3032020,3387664.4,0.0,99.2300033569336,2026/08/04,100.93,0.0,0,1,0
MTD,"Mettler-Toledo International, I",0.0,28.977913,24.871714,44.37,0.0,0.21907,0.0,2008.9844,0.21098,18.831051125264224,0.0,0.21077096432817513,0.5937429449987446,-0.023320025663637202,0,0,2026/11/05,51,182098,167687.96,0.0,1425.0899658203125,-,1525.17,0.0,0,0,0
MGM,MGM Resorts International,0.0,24.139395,19.278334,1.65,0.18924999,0.02398,0.0,3.9861894,0.01766,16.66663320436963,0.0,0.08327502555497211,0.4441938538859438,-0.05615913419187695,0,0,2026/10/28,43,1841613,2245822.26,0.0,43.779998779296875,2022/12/08,51.59,0.0,0,0,0
MCHP,Microchip Technology Incorporat,0.0,105.11765,15.657757,0.68,0.0719,0.0934,2.45,6.016835,0.03536,49.968327564971986,0.0,0.18480405677791686,0.5773482421336276,-0.05094606161404583,0,0,2026/11/05,51,10373805,9658196.1,0.0,79.7800064086914,2026/08/24,105.91,0.0,0,1,0
MU,"Micron Technology, Inc.",0.0,20.867887,5.9207616,44.28,0.66638,0.55906,0.05,10.35734,0.3487,62.27050598602686,0.0,0.04462518058751137,0.39790786023864305,-0.10852919152636537,0,0,2026/09/30,15,26979663,35938683.26,0.0,1027.77001953125,2026/07/06,1255.0,0.0,0,1,0
MSFT,Microsoft Corporation,0.0,28.17224,21.422323,17.94,0.34039003,0.40305,0.73,8.485017,0.14088,55.287240496038294,0.0,0.20186596512164032,0.6794409337058032,-0.06485701024294017,0,0,2026/10/28,43,23020956,29722299.12,0.0,513.530029296875,2026/08/20,553.72,0.0,0,1,0
MAA,Mid-America Apartment Communiti,0.0,36.725143,38.297703,3.42,0.0705,0.18173,4.9,2.681526,0.03129,14.077246136023248,0.0,0.32498689526989405,0.3052089378333332,-0.05271363763480467,0,0,2026/10/28,43,883159,977341.18,0.0,133.16000366210938,2026/07/15,144.41,0.0,0,0,0
MRNA,"Moderna, Inc.",0.0,0.0,-32.824413,-7.98,-0.38998002,-1.41427,0.0,8.656831,-0.13256,53.02093346837821,0.0,-1.0796045785639958,0.5483870967741935,-0.07691684227589561,0,0,2026/11/05,51,10542035,17449102.7,0.0,174.3800048828125,-,176.66,0.0,0,0,0
TAP,Molson Coors Beverage Company,0.0,0.0,7.955686,-11.44,-0.19466,-0.20808001,4.93,0.721779,0.03793,24.10459486946425,0.0,0.09584589975585237,0.3836887835703002,-0.1725715089891989,0,0,2026/11/03,49,3568589,2913563.78,0.0,42.49467849731445,2026/08/28,54.82,0.0,0,0,0
MDLZ,"Mondelez International, Inc.",0.0,22.85348,18.558233,2.73,0.13340001,0.08862001,3.33,2.9990866,0.04123,32.2327086463516,0.0,0.0839452993227288,0.2837532760723461,-0.028858393833843917,0,0,2026/10/27,42,6337850,8198909.0,0.0,64.69999694824219,2026/09/30,66.65,0.0,0,0,0
MPWR,"Monolithic Power Systems, Inc.",0.0,69.62485,32.78512,16.42,0.21979,0.24500999,0.65,14.422284,0.13573,39.61215919246305,0.0,0.23768885333918183,0.551787716644466,-0.05167112957682742,0,0,2026/10/29,44,978292,760069.84,0.0,1415.989990234375,2026/09/30,1714.09,0.0,0,0,0
MNST,Monster Beverage Corporation,0.0,40.925926,33.762623,1.08,0.25704,0.23079,0.0,9.246861,0.17483999,10.344846485819303,0.0,0.23397247979737515,0.5584764218214752,-0.019295831541769427,0,0,2026/11/05,51,9009620,10683176.4,0.0,48.91999816894531,-,50.17,0.0,0,0,0
MCO,Moody's Corporation,0.0,30.306276,25.247253,15.77,0.76932,0.34252,0.87,27.361883,0.15619999,31.51158994854734,0.0,0.33363565690593416,0.7443638248250842,-0.0279216677195199,0,0,2026/10/21,36,634001,762674.02,0.0,514.9500122070312,2026/08/14,546.88,0.0,0,0,0
MS,Morgan Stanley,0.0,16.70008,15.14253,12.37,0.17969999,0.25897,2.15,3.0468576,0.01345,50.639937767101834,0.0,-0.31511687839189884,0.0,0.02446717877586656,0,0,2026/10/14,29,7243629,4890190.58,0.0,218.2100067138672,2026/07/31,232.25,0.0,0,1,0
MOS,Mosaic Company (The),0.0,0.0,15.999744,-2.02,-0.05073,-0.05213,3.49,0.694637,0.01239,62.5810067619887,0.0,-0.04435631077627692,0.15780259533370947,-0.011605344749408704,0,0,2026/11/03,49,8999120,7783754.4,0.0,26.307313919067383,2026/09/10,36.99,0.0,0,0,0
MSI,"Motorola Solutions, Inc.",0.0,37.391956,24.819584,12.68,0.91567004,0.17438999,1.04,29.366985,0.1125,35.02925048096428,0.0,0.2201677794898134,0.5166067454203047,-0.035226159162411674,0,0,2026/11/05,51,1136004,940300.08,0.0,491.239990234375,2026/09/16,494.85,0.0,0,0,0
MSCI,MSCI Inc.,0.0,30.2541,24.609566,18.3,0.0,0.40735,1.48,-14.965941,0.21134001,39.3515608388005,0.0,0.46533867566938986,0.8244143566720764,-0.06771482267562116,0,0,2026/10/20,35,821631,629670.62,0.0,574.6500244140625,2026/08/14,644.77,0.0,0,1,1
NDAQ,"Nasdaq, Inc.",0.0,26.696793,19.568665,3.43,0.16521999,0.35037,1.27,4.2928133,0.058530003,25.285180968354283,0.0,0.24074074074074073,0.4222948438634713,-0.015038804624351915,0,0,2026/10/22,37,2480505,3278530.1,0.0,99.1348648071289,2026/09/11,101.79,0.0,0,0,0
NTAP,"NetApp, Inc.",0.0,26.630125,17.045124,7.07,1.14818,0.19184999,1.04,24.682093,0.116560005,62.510070831643965,0.0,0.2698916967509025,0.7074368231046931,-0.07362248696947134,0,0,2026/12/01,77,2008889,2583881.78,0.0,204.7100067138672,2026/10/09,209.06,0.0,0,0,0
NFLX,"Netflix, Inc.",0.0,25.25786,21.02117,3.18,0.49541,0.28219,0.0,11.09239,0.16084999,42.512916989846744,0.0,0.20939391943471883,0.48486575802475956,0.014963543082267057,0,0,2026/10/20,35,30614406,36626280.12,0.0,82.7300033569336,-,124.86,0.0,0,1,0
NEM,Newmont Corporation,0.0,15.5195465,12.070242,7.93,0.25905,0.33363998,0.82,3.698017,0.15755,42.881985518115144,0.0,0.32198156072169043,0.5321363977237638,-0.056879256315540694,0,0,2026/10/22,37,6812881,7625177.62,0.0,134.85926818847656,2026/09/03,135.29,0.0,0,0,0
NWSA,News Corporation,0.0,29.669903,20.215384,1.03,0.07979,0.06347,0.68,1.9478616,0.04658,28.514774127932426,0.0,0.08983163491360213,0.0,-0.04271744724652599,0,0,2026/11/05,51,3528112,3651866.24,0.0,31.085405349731445,2026/09/09,31.66,0.0,0,0,0
NWS,News Corporation,0.0,32.873787,22.398329,1.03,0.07979,0.06347,0.61,2.1582,0.04658,20.204206598977535,0.0,0.08983163491360213,0.0,-0.04271744724652599,0,0,2026/11/05,51,806517,1131152.34,0.0,35.21406173706055,2026/09/09,35.76,0.0,0,0,0
NEE,"NextEra Energy, Inc.",0.0,18.34382,18.574476,4.45,0.11677,0.32401,3.03,2.9805024,0.024430001,41.248413058589016,0.0,0.11713847949803007,0.6226834962790019,-0.026560612257369984,0,0,2026/10/27,42,11091876,10568637.52,0.0,85.57647705078125,2026/08/28,98.75,0.0,0,0,1
NKE,"Nike, Inc.",0.0,17.642859,16.171059,2.1,0.22138001,0.066989996,4.46,3.696129,0.06971,26.448892765866276,0.0,0.047070994439415495,0.42913487650329757,0.006248372819578235,0,0,2026/10/01,16,29407439,23562718.78,0.0,40.619110107421875,2026/09/01,76.97,0.0,0,0,0
NI,NiSource Inc,0.0,21.845745,18.227814,1.88,0.085489996,0.13153,2.9,2.0567908,0.032420002,58.10051817998736,0.0,-0.11950859654933606,0.503989641986089,-0.039956830559947795,0,0,2026/10/28,43,4302536,5282874.72,0.0,42.369998931884766,2026/10/30,49.21,0.0,0,0,1
NDSN,Nordson Corporation,0.0,31.237082,23.821518,9.87,0.17763,0.18631001,1.2,5.253105,0.084709994,28.226053777761777,0.0,0.2368155885670564,0.5515604005749928,-0.03966097530434642,0,0,-,-27,285453,361907.06,0.0,333.6978454589844,2026/09/10,339.12,0.0,0,0,0
NSC,Norfolk Southern Corporation,0.0,27.30802,22.348112,11.72,0.16985,0.21021,1.69,4.422901,0.05953,9.46717188906284,0.0,0.1770935960591133,0.3634646962233169,-0.032894155097709786,0,0,2026/10/22,37,1957241,1153310.82,0.0,352.9800109863281,2026/08/07,358.6,0.0,0,0,0
NTRS,Northern Trust Corporation,0.0,15.610825,14.334794,11.64,0.17066,0.2467,1.73,2.6560354,0.01276,59.34016553600881,0.0,0.5885560941828255,0.0,-0.02143364833257778,0,0,2026/10/21,36,1335387,1033337.74,0.0,190.57113647460938,2026/09/04,195.78,0.0,0,1,0
NOC,Northrop Grumman Corporation,0.0,16.769157,17.325577,31.45,0.26958,0.104820006,1.9,4.1893587,0.07148,29.027218020206476,0.0,0.07882442675311055,0.19814558802497975,-0.011191778422251202,0,0,2026/10/20,35,853595,794533.9,0.0,586.4727783203125,2026/08/31,774.0,0.0,0,0,0
NCLH,Norwegian Cruise Line Holdings ,0.0,8.921212,8.698685,1.65,0.3673,0.07492,0.0,2.627164,0.042529996,13.636382026771088,0.0,-0.1190383157949577,0.4261907698243883,-0.07393063101978443,0,0,2026/11/04,50,16308521,14574958.42,0.0,18.18000030517578,-,26.73,0.0,0,0,0
NRG,"NRG Energy, Inc.",0.0,28.32115,9.687892,3.83,0.23772,0.02563,1.67,5.4251275,0.04061,52.7166895523898,0.0,0.024908019405463486,0.19379415882525314,-0.03599862731640357,0,0,2026/11/05,51,3044638,2735720.76,0.0,122.37000274658203,2026/08/03,189.96,0.0,0,0,1
NUE,Nucor Corporation,0.0,20.321629,12.772038,12.53,0.14548999,0.07989,0.86,2.6129298,0.0732,67.97082624006835,0.0,-0.005785683510801994,0.11934510986643689,-0.04244530537830447,0,0,2026/10/26,41,1039014,1349360.28,0.0,272.67999267578125,2026/06/30,280.11,0.0,0,1,0
NVDA,NVIDIA Corporation,0.0,26.703798,13.510182,7.9,1.17211,0.63663,0.46,22.246126,0.53572,57.39003685255676,0.0,0.44770258129648327,0.7106808435754708,0.08389143290958062,0,0,2026/11/17,63,131608711,126320186.22,0.0,230.10252380371094,2026/09/10,236.54,0.0,0,1,0
NVR,"NVR, Inc.",0.0,16.386755,15.304166,384.43,0.31544,0.1185,0.0,4.974997,0.16547,36.11571667391853,0.0,0.1060557376367563,0.23094950659190888,0.03730555086026297,0,0,2026/10/21,36,30578,33295.56,0.0,6433.740234375,-,8489.85,0.0,0,1,0
NXPI,NXP Semiconductors N.V.,0.0,19.14859,12.391746,11.71,0.27921,0.22564,1.71,4.962268,0.10457,66.69020620926678,0.0,0.18607873502322927,0.5473958757844976,-0.030082831325301203,0,0,2026/10/26,41,4657316,3748824.32,0.0,236.6199951171875,2026/09/16,339.95,0.0,0,1,1
ORLY,"O'Reilly Automotive, Inc.",0.0,27.688889,23.88771,3.15,0.0,0.1427,0.0,-38.78168,0.13670999,24.792526358610047,0.0,0.0895950239995609,0.5159231316716373,-0.013531296201600011,0,0,2026/10/28,43,4613048,6481602.96,0.0,91.19999694824219,-,108.72,0.0,0,0,0
OXY,Occidental Petroleum Corporatio,0.0,18.224188,15.3110285,3.39,0.10629,0.30318,1.82,1.8458871,0.046830002,61.6705662733079,0.0,0.1901079053396934,0.3493261705182235,-0.0974746394887511,0,0,2026/11/09,55,9036011,8292852.22,0.0,61.459999084472656,2026/09/10,67.45,0.0,0,1,0
ODFL,"Old Dominion Freight Line, Inc.",0.0,34.982693,27.35242,5.2,0.24818,0.19443001,0.65,8.299572,0.15775,16.353755795031205,0.0,0.1737684505226977,0.3302830276386915,-0.06333087149187593,0,0,2026/10/28,43,1308763,1653543.26,0.0,211.63131713867188,2026/09/02,252.03,0.0,0,0,0
OMC,Omnicom Group Inc.,0.0,219.10811,6.730834,0.37,0.060510002,0.017439999,4.05,2.301948,0.05092,23.799456722386097,0.0,0.16144141640468043,0.08494143666880888,-0.05499739962841333,0,0,2026/10/20,35,2359194,2764155.88,0.0,88.94000244140625,2026/09/18,89.57,0.0,0,0,0
ON,ON Semiconductor Corporation,0.0,46.830067,15.805961,1.53,0.08312,0.10168,0.0,3.863992,0.0675,60.263282900970026,0.0,0.23661473796577376,0.33090369283117055,-0.1308517178879121,0,0,2026/11/02,48,12386688,9152483.76,0.0,83.37999725341797,-,134.92,0.0,0,1,1
OKE,"ONEOK, Inc.",0.0,16.74784,15.595875,5.79,0.16277,0.09287,4.43,2.6649628,0.05767,65.02505343118649,0.0,0.07276457819144191,0.25995420619108506,-0.03310274455665431,0,0,2026/10/27,42,3707144,3505222.88,0.0,97.51000213623047,2026/08/03,99.85,0.0,0,1,0
ORCL,Oracle Corporation,0.0,22.658842,13.179789,6.39,0.41192,0.2636,1.33,11.103527,0.06357,57.310925662774224,0.0,-0.351648677939932,0.658224089552682,-0.056884386019200865,0,0,2026/12/10,86,41975932,32666684.64,0.0,162.52000427246094,2026/10/09,329.5,0.0,0,1,0
OTIS,Otis Worldwide Corporation,0.0,18.04113,15.440465,3.89,0.0,0.10167,2.55,-4.6479897,0.14249,33.88945417631611,0.0,0.10006236574041993,0.30282031737232346,-0.01990049751243781,0,0,2026/10/28,43,4355425,3568632.5,0.0,72.36000061035156,2026/08/14,94.565,0.0,0,0,0
PCAR,PACCAR Inc.,0.0,25.865263,17.005787,4.75,0.12755999,0.09003,1.14,3.1823246,0.041160002,24.378112150475303,0.0,0.10649398132523344,0.16655065249184386,-0.04601206237792143,0,0,2026/10/27,42,2634634,3098032.68,0.0,131.02999877929688,2026/08/12,139.24,0.0,0,0,0
PKG,Packaging Corporation of Americ,0.0,30.3329,17.77933,7.69,0.14887,0.07256,2.56,4.4310627,0.082779996,34.003526444965885,0.0,0.08105191727943221,0.21020546649906,-0.07304088387487763,0,0,2026/10/21,36,562625,626242.5,0.0,252.97000122070312,2026/09/15,259.98,0.0,0,0,0
PLTR,Palantir Technologies Inc.,0.0,148.1282,74.51085,1.17,0.38097,0.49005002,0.0,42.603245,0.17292999,43.32202024119431,0.0,0.4693590314797676,0.8236651721415028,-0.05723792839686162,0,0,2026/11/02,48,28989342,37803716.84,0.0,186.3800048828125,-,207.52,0.0,0,1,0
PANW,"Palo Alto Networks, Inc.",0.0,934.85,76.6448,0.4,0.01739,0.02674,0.0,11.11263,0.014040001,43.34713198135458,0.0,0.3582752613240418,0.7035714285714286,-0.08761865456046224,0,0,2026/11/19,65,11850739,6364608.78,0.0,382.8500061035156,-,398.88,0.0,0,0,0
PSKY,Paramount Skydance Corporation,0.0,362.33334,12.776211,0.03,-0.00896,-0.021329999,1.89,1.035238,0.027490001,54.789274410603404,0.0,0.016739122993187965,0.2963749015849108,-0.16016796640671865,0,0,2026/11/09,55,11123356,11015371.12,0.0,11.039999961853027,2026/09/15,20.86,0.0,0,1,0
PH,Parker-Hannifin Corporation,0.0,32.579094,23.719126,28.51,0.25076,0.16968,0.84,7.603576,0.09787,32.23602004157658,0.0,0.18163635517931068,0.37685473742964787,-0.023188781293519447,0,0,2026/11/05,51,663035,615902.7,0.0,1051.6419677734375,2026/08/31,1099.94,0.0,0,0,0
PAYX,"Paychex, Inc.",0.0,24.235174,18.549156,4.89,0.0,0.26633,4.11,11.282369,0.0,23.67200776553254,0.0,0.35654176904176904,0.7428593366093366,-0.04925036322606572,0,0,2026/09/23,8,2581245,2685920.9,0.0,127.33999633789062,2026/07/28,135.78,0.0,0,0,0
PYPL,"PayPal Holdings, Inc.",0.0,10.213611,9.338961,5.29,0.24497,0.14364,1.04,2.3498456,0.046230003,31.323490793171786,0.0,0.16773182201856987,0.4662064391655613,-0.014755591034388135,0,0,2026/10/27,42,9143443,14550584.86,0.0,62.1464958190918,2026/09/04,79.215,0.0,0,0,0
PNR,Pentair plc.,0.0,14.479382,10.870954,3.88,0.17126,0.16237,1.87,2.3920634,0.08663,9.310766809460262,0.0,0.17863984674329503,0.4047653256704981,-0.02343931982296762,0,0,2026/10/20,35,2486426,3570424.52,0.0,65.58999633789062,2026/07/24,113.95,0.0,0,0,0
PEP,"Pepsico, Inc.",0.0,17.868938,15.190425,7.63,0.51508,0.10785,4.34,8.428015,0.08931,22.883411243583467,0.0,0.08168219323928666,0.541485227575193,-0.035819700369649626,0,0,2026/10/08,23,10086940,7750172.8,0.0,143.14085388183594,2026/09/04,171.48,0.0,0,1,0
PFE,"Pfizer, Inc.",0.0,36.473682,9.568519,0.76,0.05014,0.06804,6.2,1.8544286,0.05784,46.63073039571027,0.0,0.14501669889259974,0.7432525288035923,-0.018894119907763258,0,0,2026/11/03,49,28134411,37442994.22,0.0,29.020000457763672,2026/07/24,29.21,0.0,0,0,0
PCG,Pacific Gas & Electric Co.,0.0,9.784173,7.548762,1.39,0.09318,0.11828,1.45,0.92668307,0.02568,27.001064715810656,0.0,-0.12316021656306396,0.39582915580509326,-0.042461390711173566,0,0,2026/10/22,37,38225344,34838116.88,0.0,18.360000610351562,2026/06/30,19.16,0.0,0,0,0
PM,Philip Morris International Inc,0.0,26.766483,21.257376,7.28,0.0,0.25559,3.08,-35.384056,0.14591,49.2630642695664,0.0,0.2623499311159221,0.6711769336744735,-0.012791790127917901,0,0,2026/10/21,36,2873007,4626648.14,0.0,194.10000610351562,2026/06/25,207.76,0.0,0,1,0
PSX,Phillips 66,0.0,14.680754,11.265322,17.51,0.23452999,0.046609998,1.96,3.2556548,0.06036,71.95887051990513,0.0,0.020615519429503838,0.09844684837130598,-0.007586862106406081,0,0,2026/10/29,44,3490853,2692223.06,0.0,260.7799987792969,2026/08/18,265.43,0.0,0,0,0
PNW,Pinnacle West Capital Corporati,0.0,18.31094,17.135899,5.21,0.09365,0.11525,3.79,1.6434958,0.02335,36.51597947103146,0.0,-0.15347047971896308,0.41600737386700487,-0.039577113426427946,0,0,2026/11/03,49,799407,1083426.14,0.0,100.41000366210938,2026/08/03,111.16,0.0,0,0,1
PNC,"PNC Financial Services Group, I",0.0,13.358283,11.340631,18.17,0.12623,0.31366,3.28,1.6680181,0.01307,51.13179606515761,0.0,0.1899727000909997,0.0,0.004449310635805095,0,0,2026/10/15,30,1530764,1651957.28,0.0,254.5500030517578,2026/07/20,258.96,0.0,0,0,0
PPG,"PPG Industries, Inc.",0.0,15.1004305,12.149174,6.97,0.19297001,0.09573,2.81,2.7711954,0.060489997,29.96368816833882,0.0,0.07325984251968504,0.41316535433070867,-0.016517331885238483,0,0,2026/10/27,42,1548604,1683054.08,0.0,114.41999816894531,2026/08/10,133.43,0.0,0,0,0
PPL,PPL Corporation,0.0,19.994083,15.9610405,1.69,0.086330004,0.13471,3.35,1.6897535,0.03197,37.45547756154687,0.0,-0.15494359654943596,0.42733908427339085,-0.03200424365661745,0,0,2026/11/04,50,4291522,7593174.44,0.0,35.65345001220703,2026/09/10,40.11,0.0,0,0,1
PFG,Principal Financial Group Inc,0.0,16.652422,11.251832,7.02,0.12949,0.09932999,2.89,2.0663202,0.00352,62.586368699338735,0.0,0.28406770983328533,0.0,-0.009817899005936262,0,0,2026/10/26,41,918169,1351095.38,0.0,118.51000213623047,2026/09/03,121.18,0.0,0,0,0
PG,Procter & Gamble Company (The),0.0,22.074018,19.747831,6.62,0.30290002,0.18437,3.0,6.3681526,0.107209995,45.73444245757345,0.0,0.17403943377148634,0.5017694641051568,-0.027742430110416452,0,0,2026/10/22,37,8649873,8819617.46,0.0,147.63999938964844,2026/07/24,167.25,0.0,0,1,0
PGR,Progressive Corporation (The),0.0,11.089814,13.567791,19.93,0.34943,0.12849,0.18,3.7402062,0.07839,37.94949655918384,0.0,0.19626413501146775,0.0,-0.05071562675249311,0,0,2026/10/14,29,1514910,2486430.2,0.0,223.9199981689453,2026/10/01,249.14,0.0,0,0,0
PLD,"Prologis, Inc.",0.0,30.109133,39.703377,4.49,0.07749,0.43575,3.15,2.3505173,0.02516,26.35178643400745,0.0,0.5697794810018103,0.7457768243849037,-0.017019150795119693,0,0,2026/10/15,30,4109814,4133944.28,0.0,143.36000061035156,2026/09/16,153.35,0.0,0,0,1
PRU,"Prudential Financial, Inc.",0.0,10.834089,8.042875,11.03,0.12011,0.06007,4.7,1.306425,0.00435,44.326442569720044,0.0,0.10285892368002363,0.0,-0.0034830821723059427,0,0,2026/10/28,43,977915,1735178.3,0.0,123.19999694824219,2026/08/25,127.72,0.0,0,1,0
PEG,Public Service Enterprise Group,0.0,17.64179,15.17843,4.02,0.11835,0.16041,3.7,2.0381067,0.03238,44.798020610311816,0.0,0.002136752136752137,0.3482084155161078,-0.020616228984299014,0,0,2026/11/02,48,4218662,2822333.24,0.0,74.9276351928711,2026/09/09,87.63,0.0,0,1,0
PTC,PTC Inc.,0.0,13.254121,15.338025,10.31,0.35053003,0.41429,0.0,4.360381,0.11537,23.95394323471588,0.0,0.3127481996739225,0.8375515565345831,-0.020204854883627024,0,0,2026/11/11,57,1365428,1441636.56,0.0,158.9499969482422,-,208.56,0.0,0,0,0
PSA,Public Storage,0.0,28.213943,29.199648,10.47,0.21929,0.41632998,4.05,10.718043,0.06985,18.8444072186811,0.0,0.6005396225171342,0.7284526709884284,-0.06938138824433394,0,0,2026/10/28,43,791386,982591.72,0.0,325.1300048828125,2026/09/15,335.55,0.0,0,0,0
PHM,"PulteGroup, Inc.",0.0,12.149132,10.590764,9.79,0.14901,0.1162,0.88,1.7152416,0.092080005,26.145443385180513,0.0,0.10100148723832603,0.26412987604575866,0.01925270700936032,0,0,2026/10/22,37,1149750,1535689.0,0.0,130.86000061035156,2026/09/15,144.5,0.0,0,0,1
PWR,"Quanta Services, Inc.",0.0,71.332565,31.550453,8.72,0.15337,0.04032,0.07,9.698453,0.052259997,62.078327587658436,0.0,0.05691127963896526,0.1501097782044521,-0.04820462840527188,0,0,2026/10/29,44,1143312,1066670.24,0.0,722.3099975585938,2026/10/01,788.75,0.0,0,0,0
QCOM,QUALCOMM Incorporated,0.0,20.588572,17.654823,8.75,0.33754003,0.21013,2.02,6.8846254,0.11612,85.61751902661736,0.0,0.28949507722879597,0.5542859723602204,-0.16893684063578165,0,0,2026/10/29,44,13736516,11756008.32,0.0,181.97000122070312,2026/09/03,259.92,0.0,0,0,0
DGX,Quest Diagnostics Incorporated,0.0,25.253716,19.729286,9.42,0.14602,0.09187,1.46,3.4816396,0.06404,34.21336708447312,0.0,0.12315360217489806,0.3321250566379701,-0.05510015408320493,0,0,2026/10/20,35,974666,956535.32,0.0,245.0,2026/10/06,247.19,0.0,0,0,0
Q,"Qnity Electronics, Inc.",0.0,42.01792,21.797499,2.79,0.06722,0.11248,0.25,3.3807247,0.053049996,50.45291445779993,0.0,0.20782498948254102,0.4617164493058477,-0.04129353233830846,0,0,2026/11/16,62,1588916,1782594.32,0.0,140.66635131835938,2026/08/31,177.28,0.0,0,0,1
RL,Ralph Lauren Corporation,0.0,21.514177,16.325052,15.87,0.37537,0.117639996,1.18,7.4770055,0.11005,28.077951508440293,0.0,0.08686918479265512,0.6986505638055333,-0.027534078428839072,0,0,2026/11/05,51,514140,622640.8,0.0,379.30999755859375,2026/06/26,421.6,0.0,0,0,0
RJF,"Raymond James Financial, Inc.",0.0,14.89102,12.030465,11.47,0.18416001,0.15131,1.25,2.5840418,0.02576,44.425230057500514,0.0,0.16225978904782545,0.0,-0.0033888699988665985,0,0,2026/10/28,43,870202,1131990.04,0.0,181.10000610351562,2026/10/01,182.73,0.0,0,1,0
RDDT,"Reddit, Inc.",0.0,37.675175,16.761824,4.31,0.30712,0.31348,0.0,9.5048,0.15653,53.96032381715201,0.0,0.3106320709228488,0.9118204445300035,-0.04975158782812773,0,0,2026/10/29,44,4454477,6074005.54,0.0,164.5,-,282.95,0.0,0,0,0
RTX,RTX Corporation,0.0,34.451496,24.865894,5.67,0.12274,0.08276,1.48,3.9662943,0.04212,22.654016097656225,0.0,0.08406035913005203,0.20077198288996986,-0.02241654440346273,0,0,2026/10/20,35,3569475,4515939.5,0.0,225.49000549316406,2026/08/14,226.88,0.0,0,0,0
O,Realty Income Corporation,0.0,43.262775,38.164352,1.37,0.03225,0.20898001,5.48,1.4180105,0.02359,13.68114664086643,0.0,0.6948151077934183,0.9254180061596239,-0.040334354219042766,0,0,2026/11/02,48,9170739,5343626.78,0.0,62.893795013427734,2026/09/30,67.94,0.0,0,0,0
REG,Regency Centers Corporation,0.0,25.094275,29.60853,2.97,0.081870005,0.32996,4.05,2.0476964,0.0323,38.60188708752542,0.0,0.5327835295753397,0.7057277518725169,-0.023092490179623042,0,0,2026/10/28,43,1224966,1270875.32,0.0,75.95086669921875,2026/09/11,83.66,0.0,0,1,1
REGN,"Regeneron Pharmaceuticals, Inc.",0.0,19.647028,13.092623,40.4,0.14043,0.27865,0.48,2.5109534,0.06526,36.39835836288374,0.0,0.2625131598212356,0.8535372902272205,-0.011686765108349133,0,0,2026/10/28,43,586818,719510.36,0.0,852.030029296875,2026/08/18,859.34,0.0,0,0,0
RF,Regions Financial Corporation,0.0,12.207317,10.553839,2.46,0.118669994,0.30837,3.63,1.465736,0.01393,46.90667735887692,0.0,0.28580919479138983,0.0,-0.00015741685241855253,0,0,2026/10/16,31,5740876,8416007.52,0.0,31.38172721862793,2026/09/01,32.47,0.0,0,0,0
RSG,"Republic Services, Inc.",0.0,31.990086,28.031385,7.06,0.18152,0.12942,1.2,5.7438965,0.0617,49.27351001409812,0.0,0.14519920438792117,0.4195648243023326,-0.06276552406448234,0,0,2026/10/29,44,1393157,1426441.14,0.0,225.1199951171875,2026/10/02,233.42,0.0,0,1,0
RMD,ResMed Inc.,0.0,21.379673,16.861732,10.43,0.24269,0.26945,1.21,4.884134,0.14002,27.662260493665727,0.0,0.2880821474630592,0.6105551961875267,-0.03151210970393545,0,0,2026/10/29,44,937027,1440446.54,0.0,240.3300018310547,2026/08/20,284.87,0.0,0,0,0
RVTY,"Revvity, Inc.",0.0,61.774044,21.805243,2.08,0.03211,0.08158,0.23,1.9833909,0.023740001,52.37748945178059,0.0,0.1783620110425199,0.5477370677204294,-0.028083535311225104,0,0,2026/10/26,41,1885802,1500844.04,0.0,130.94000244140625,2026/10/23,133.0,0.0,0,0,0
HOOD,"Robinhood Markets, Inc.",0.0,50.588497,33.779472,2.26,0.23618999,0.42011002,0.0,10.842105,0.04528,58.29471731775569,0.0,0.35412474849094566,0.833445115135256,0.006424207462569159,0,0,2026/11/04,50,16980593,20532847.86,0.0,124.72000122070312,-,153.86,0.0,0,0,0
ROK,"Rockwell Automation, Inc.",0.0,39.25492,28.209965,10.67,0.30629,0.13385001,1.29,13.312039,0.0999,48.8203385399647,0.0,0.16279069767441862,0.48141932390314074,-0.060165790177377665,0,0,2026/11/05,51,649701,764354.02,0.0,444.6000061035156,2026/08/17,497.36,0.0,0,1,0
ROL,"Rollins, Inc.",0.0,32.100002,27.149635,1.1,0.37008998,0.1355,2.1,11.884888,0.14061,24.75052195087038,0.0,0.17282966192951438,0.5275239627231757,-0.04820916770869056,0,0,2026/10/28,43,6979848,5330310.96,0.0,37.2599983215332,2026/08/10,66.14,0.0,0,0,1
ROP,"Roper Technologies, Inc.",0.0,16.435234,16.244167,24.01,0.13066,0.30244,0.94,2.086967,0.04232,29.537525953806735,0.0,0.30820626384055677,0.6924391015501423,-0.029036642855077073,0,0,2026/10/22,37,793635,759540.7,0.0,426.20001220703125,2026/10/02,521.28,0.0,0,0,0
ROST,"Ross Stores, Inc.",0.0,27.849876,25.724722,8.26,0.42628,0.10848,0.77,10.905471,0.12785,31.248474236230393,0.0,0.09703532998903455,0.2770614559404892,-0.05671450999524913,0,0,2026/11/19,65,1598248,2414114.96,0.0,241.0541229248047,2026/09/08,257.0,0.0,0,0,0
RCL,Royal Caribbean Cruises Ltd.,0.0,15.781211,12.58275,16.18,0.44669998,0.23541,2.31,6.671544,0.07682,3.217554213894175,0.0,0.06891937102709936,0.4935318389650942,-0.05278838991806627,0,0,2026/10/27,42,2160391,2023845.82,0.0,301.7900085449219,2026/09/17,356.39,0.0,0,0,0
SPGI,S&P Global Inc.,0.0,25.474133,20.700077,16.43,0.14255,0.30536,0.94,3.9168966,0.07033,37.473105515290115,0.0,0.3557642149191445,0.7024647887323944,-0.019281045751633988,0,0,2026/10/29,44,2180749,1943660.98,0.0,450.5799865722656,2026/08/26,522.46924,0.0,0,0,0
CRM,"Salesforce, Inc.",0.0,23.757324,16.2061,10.92,0.19381,0.2199,0.71,5.563347,0.05704,71.29793549007522,0.0,0.34682721252257676,0.7767609873570138,-0.06712969146520635,0,0,2026/12/02,78,12961044,14066658.88,0.0,264.42999267578125,2026/09/17,269.11,0.0,0,0,0
SNDK,Sandisk Corporation,0.0,21.02113,5.862725,73.83,0.9164,0.56465,0.0,14.695344,0.43910998,63.50728743815825,0.0,0.5676610035559068,0.7147372580007902,-0.01057448793708624,0,0,2026/11/06,52,9544369,14306029.38,0.0,1786.8499755859375,-,2354.39,0.0,0,1,0
SBAC,SBA Communications Corporation,0.0,19.748652,22.089363,9.27,0.0,0.34512,2.7,-4.194813,0.08406,50.60715523199472,0.0,0.3788477229721161,0.7545513738397998,-0.02053527028740877,0,0,2026/11/02,48,839210,971294.2,0.0,191.52000427246094,2026/08/20,224.46,0.0,0,1,0
SLB,SLB Limited,0.0,26.009756,16.4835,2.05,0.12909001,0.08527,2.1,3.0350635,0.06172,58.31643830227659,0.0,0.1272263918449647,0.18222807214069675,-0.056772617919370126,0,0,2026/10/23,38,9944838,12138264.76,0.0,59.78976821899414,2026/09/02,60.46,0.0,0,0,0
STX,Seagate Technology Holdings PLC,0.0,58.12049,14.548124,13.86,3.7152898,0.26108998,0.36,84.30664,0.29354998,56.317578151884845,0.0,0.25461254612546125,0.45576055760557604,-0.04913758523866827,0,0,2026/10/27,42,4143960,4557755.2,0.0,994.7899780273438,2026/09/24,1145.0,0.0,0,1,0
SRE,DBA Sempra,0.0,24.05507,14.974143,3.45,0.06679,0.16824,3.16,1.6599329,0.01958,45.365477566898,0.0,-0.44132243468106847,0.4661363304627062,-0.024603618391385126,0,0,2026/11/04,50,2454604,3589658.08,0.0,87.37999725341797,2026/09/24,101.04,0.0,0,0,1
NOW,"ServiceNow, Inc.",0.0,88.96875,28.438663,1.6,0.14244,0.11336,0.0,11.758633,0.04249,53.70370043321542,0.0,0.3413917758698599,0.7753426720891701,-0.141946386051156,0,0,2026/10/28,43,17301936,20173150.72,0.0,147.99000549316406,-,194.726,0.0,0,0,0
SHW,Sherwin-Williams Company (The),0.0,29.963066,23.859241,10.83,0.65124,0.11013,0.99,20.315533,0.09516,26.636043525939655,0.0,0.112580225075612,0.48847685827362847,-0.03409428724755518,0,0,2026/10/27,42,1784576,1822153.52,0.0,352.77459716796875,2026/08/21,377.77,0.0,0,0,0
SPG,"Simon Property Group, Inc.",0.0,14.465067,29.819803,14.17,1.20508,0.66571,4.35,15.092408,0.05633,18.614779482056093,0.0,0.5031349649344293,0.818993307413538,0.01209317255040121,0,0,2026/11/02,48,945906,1368116.12,0.0,220.80999755859375,2026/09/09,238.5,0.0,0,0,0
SWKS,"Skyworks Solutions, Inc.",0.0,41.06736,15.971307,1.93,0.05094,0.072270006,4.13,2.0787873,0.03441,89.37339161381678,0.0,0.26325576843084,0.41158335168465093,-0.10404193507641783,0,0,2026/11/03,49,11162983,5956203.66,0.0,88.3499984741211,2026/05/26,92.3,0.0,0,0,0
SJM,The J.M. Smucker Company,0.0,56.682243,11.145261,2.14,0.03931,0.02506,3.7,2.253223,0.06257,37.68869447589711,0.0,0.12774420223403196,0.3352705255830912,-0.09940565002404528,0,0,2026/11/24,70,1397426,1381858.52,0.0,132.33999633789062,2026/08/14,135.89,0.0,0,0,0
SW,Smurfit WestRock plc,0.0,46.542553,12.826113,0.94,0.02715,0.01587,4.19,1.27232,0.02621,23.676652057749834,0.0,0.0384874434715674,0.1938163507489015,-0.05963637974178976,0,0,2026/10/28,43,4040076,4780803.52,0.0,49.560001373291016,2026/08/14,52.65,0.0,0,0,0
SNA,Snap-On Incorporated,0.0,19.274488,17.704979,19.6,0.17932,0.19597,2.6,3.2342517,0.09849,21.524744273290935,0.0,0.19505052268187195,0.517290199957332,-0.007703006312185728,0,0,2026/10/15,30,274552,318323.04,0.0,398.7460021972656,2026/08/19,423.02,0.0,0,0,0
SOLV,Solventum Corporation,0.0,10.980439,12.426124,8.18,0.33960998,0.17256,0.0,3.1833003,0.026989998,25.888367139468457,0.0,-0.0012012012012012011,0.5346546546546547,0.08304183573527354,0,0,2026/11/05,51,779282,1060775.64,0.0,92.44000244140625,-,94.16,0.0,0,1,0
SO,Southern Company (The),0.0,20.963856,17.66745,4.15,0.114829995,0.15435,3.49,2.529217,0.03271,26.484703830747137,0.0,-0.0993130985009982,0.4846885256995906,-0.035069355253018235,0,0,2026/10/29,44,5231086,5293445.72,0.0,92.29000091552734,2026/08/17,100.84,0.0,0,0,0
LUV,Southwest Airlines Company,0.0,24.7,8.388752,1.6,0.11099,0.02783,1.83,2.730036,0.02318,40.68330758002358,0.0,-0.029611944553326445,0.1744289634037701,-0.04820893981624858,0,0,2026/10/21,36,6649217,4989452.34,0.0,43.14790344238281,2026/09/03,55.11,0.0,0,0,0
SWK,"Stanley Black & Decker, Inc.",0.0,21.733496,13.933454,4.09,0.06886,0.040689997,3.77,1.4983565,0.038,25.862256755213963,0.0,0.045464759689102734,0.30325040977105694,-0.026798533212199382,0,0,2026/11/03,49,1441159,1740809.18,0.0,99.15704345703125,2026/09/08,104.68,0.0,0,0,0
SBUX,Starbucks Corporation,0.0,57.265896,31.739777,1.73,0.0,0.05172,2.51,-14.714095,0.08022001,23.5329439707415,0.0,0.06567270145544905,0.22771108314239305,-0.09029128942494777,0,0,2026/10/28,43,5735513,6650648.26,0.0,108.48999786376953,2026/08/14,110.51,0.0,0,0,0
STT,State Street Corporation,0.0,16.607239,12.288193,11.33,0.12437,0.23005,1.9,2.1625597,0.0086900005,56.1752969882846,0.0,0.7764411027568923,0.0,-0.024458607774411483,0,0,2026/10/14,29,2391138,1851214.76,0.0,194.25999450683594,2026/10/01,195.93,0.0,0,1,0
STLD,"Steel Dynamics, Inc.",0.0,21.301544,11.981361,11.01,0.17568001,0.07825,0.88,3.5756428,0.0787,63.50101555566521,0.0,0.02759094243301312,0.13160797401887628,-0.016074454103526356,0,0,2026/10/19,34,1036400,1143068.0,0.0,258.1600036621094,2026/09/30,288.74,0.0,0,0,0
STE,STERIS plc (Ireland),0.0,26.119804,17.445747,8.18,0.11389,0.13333,1.22,2.8906176,0.06797,6.103512104876785,0.0,0.1638167758890817,0.4424771306794252,-0.05207130350556942,0,0,2026/11/04,50,742418,684024.36,0.0,237.2062225341797,2026/09/04,269.44,0.0,0,0,0
SYK,Stryker Corporation,0.0,29.239626,16.835548,9.64,0.16508,0.14433,1.28,4.5071797,0.08162,19.639740027790324,0.0,0.17052874661570314,0.6396321070234113,-0.037580469860379564,0,0,2026/10/29,44,2930766,2553535.32,0.0,339.9800109863281,2026/09/30,392.55,0.0,0,0,0
SMCI,"Super Micro Computer, Inc.",0.0,11.269939,6.898339,3.26,0.21465999,0.0571,0.0,2.3537703,0.07877,64.73402215307777,0.0,-0.17847764251618511,0.10821604097086886,0.3018934051020143,0,0,2026/11/03,49,39661769,46514461.38,0.0,40.2599983215332,-,58.78,0.0,0,1,0
SYF,Synchrony Financial,0.0,7.7825637,7.2286353,9.75,0.20786,0.35507,1.79,1.6243871,0.02902,35.10715562517693,0.0,0.6575662505840731,0.0,-0.05289054956127461,0,0,2026/10/14,29,2139900,3492002.0,0.0,80.7699966430664,2026/08/05,88.77,0.0,0,0,0
SNPS,"Synopsys, Inc.",0.0,66.68357,21.763802,5.72,0.03661,0.11432999,0.0,2.3460054,0.01353,50.946755617372375,0.0,0.1912560187735552,0.7698457566565516,-0.003865009502127976,0,0,-,-20,1875388,1800997.76,0.0,464.8900146484375,-,539.48,0.0,0,0,0
SYY,Sysco Corporation,0.0,22.825136,15.338572,3.66,0.77692,0.02078,2.64,14.995512,0.079679996,46.56084015336287,0.0,0.022920535049022507,0.18496091209064136,-0.031024403986336584,0,0,2026/11/03,49,2117246,3095714.92,0.0,84.0999984741211,2026/10/02,91.85,0.0,0,1,0
TMUS,"T-Mobile US, Inc.",0.0,19.15183,12.667485,9.55,0.17994,0.11455,2.24,3.493925,0.05973,51.10288909739962,0.0,0.1746934061080977,0.6288713494660794,-0.0773500823309934,0,0,2026/10/22,37,2835730,4437174.6,0.0,188.02000427246094,2026/08/28,244.24,0.0,0,1,0
TROW,"T. Rowe Price Group, Inc.",0.0,10.62249,10.254551,9.96,0.19399999,0.29262,4.89,2.0512226,0.10659,22.75608813029882,0.0,0.20222015639525345,0.5127002788866408,0.02326765120138337,0,0,2026/10/30,45,1874576,1707615.52,0.0,112.87000274658203,2026/09/15,122.0,0.0,0,0,0
TTWO,"Take-Two Interactive Software, ",0.0,0.0,21.658213,-1.72,-0.09039,-0.04792,0.0,11.771136,-0.00621,25.375592783483683,0.0,0.06933177092722793,0.5723363980530016,-0.09831400801432347,0,0,2026/11/09,55,2185991,2255217.82,0.0,242.39999389648438,-,265.94,0.0,0,0,0
TPR,"Tapestry, Inc.",0.0,16.196428,13.249014,7.28,1.97135,0.19086,1.56,34.137234,0.17543,27.654753340324675,0.0,0.22644361710102195,0.7782164363709053,-0.06736703677690273,0,0,2026/11/05,51,2358330,2949490.6,0.0,131.76051330566406,2026/09/04,164.8,0.0,0,0,0
TRGP,"Targa Resources, Inc.",0.0,27.488039,23.779781,10.45,0.70839995,0.13545,1.72,19.665228,0.09237,45.48727783257457,0.0,0.03430172125226828,0.2939342153943729,-0.07908511245757066,0,0,2026/11/05,51,878072,1154903.44,0.0,302.25,2026/07/31,307.94,0.0,0,0,0
TGT,Target Corporation,0.0,16.445597,16.631384,9.65,0.26408002,0.04078,2.98,4.0405326,0.05689,24.039873466936072,0.0,0.027056690208054974,0.2793376598587517,-0.048024878130778284,0,0,2026/11/18,64,3277948,4105236.96,0.0,169.88999938964844,2026/08/12,170.75,0.0,0,0,0
TEL,TE Connectivity plc,0.0,19.899216,15.761511,10.22,0.23290001,0.15609,1.47,4.4515705,0.09691,62.75715844731231,0.0,0.18555207971266366,0.3521608156644653,-0.0915832702045373,0,0,2026/10/28,43,2319979,2297951.58,0.0,216.5345001220703,2026/08/21,252.56,0.0,0,1,0
TDY,Teledyne Technologies Incorpora,0.0,28.91574,22.34198,20.65,0.09154,0.15292,0.0,2.5350683,0.05139,33.21841037156618,0.0,0.1756221996925794,0.4275762828269614,-0.019397721994334427,0,0,2026/10/21,36,239044,331892.88,0.0,677.27001953125,-,697.67,0.0,0,0,0
TER,"Teradyne, Inc.",0.0,45.157753,28.251522,7.29,0.36465,0.25766,0.14,16.391973,0.19745001,55.85077878221573,0.0,0.14119204118840487,0.582235431457569,-0.028771399935796905,0,0,2026/10/21,36,4883077,3117451.54,0.0,442.9698486328125,2026/09/04,487.91,0.0,0,0,0
TSLA,"Tesla, Inc.",0.0,326.33636,166.29913,1.1,0.046669997,0.03671,0.0,16.320526,0.019299999,57.17142980003387,0.0,0.06559313275754795,0.18026511436616155,-0.07948129979826712,0,0,2026/10/21,36,32337601,38413658.02,0.0,376.3699951171875,-,498.83,0.0,0,1,0
TXN,Texas Instruments Incorporated,0.0,40.033436,24.74624,6.58,0.35176,0.31111,2.11,13.355981,0.13059,60.12869577555072,0.0,0.1472118538626852,0.5702409229725144,-0.06222350730085297,0,0,2026/10/27,42,6852573,6628453.46,0.0,282.9100036621094,2026/07/31,334.03,0.0,0,1,1
TPL,Texas Pacific Land Corporation,0.0,46.709717,4.9954867,7.82,0.36566,0.60322,0.65,15.064544,0.25811002,47.29014716405316,0.0,0.04025983788321076,0.8545947706686378,-0.039755359217583185,0,0,2026/11/04,50,343796,337385.92,0.0,383.0251159667969,2026/09/01,547.2,0.0,0,1,0
TXT,Textron Inc.,0.0,15.175141,11.094543,5.31,0.12126,0.06125,0.1,1.7202145,0.045479998,44.97970362738097,0.0,0.06277451179133725,0.18210689911480504,-0.021567654034971594,0,0,2026/10/22,37,2496255,1635431.1,0.0,87.62786865234375,2026/09/11,101.57,0.0,0,0,0
TMO,Thermo Fisher Scientific Inc,0.0,32.990322,22.288193,18.6,0.13515,0.15036,0.31,4.306921,0.05129,38.80738748172086,0.0,0.14123482281123056,0.4093408443117804,-0.010095792211558504,0,0,2026/10/21,36,1271070,1901069.4,0.0,633.7100219726562,2026/09/15,647.0,0.0,0,1,0
TJX,"TJX Companies, Inc. (The)",0.0,23.288355,21.822042,5.41,0.62171,0.09729,1.52,13.38326,0.13543001,11.034452891419335,0.0,0.08144504074736633,0.30963029218843174,-0.03858305141610982,0,0,2026/11/18,64,7510439,6316654.78,0.0,150.85000610351562,2026/08/13,170.0,0.0,0,0,0
TKO,"TKO Group Holdings, Inc.",0.0,67.97193,41.249847,2.85,0.07063,0.0433,1.66,4.23997,0.04496,45.98295005043559,0.0,0.24471701113649807,0.5980797655660822,-0.07036232542954646,0,0,2026/11/04,50,968666,1083089.32,0.0,201.69000244140625,2026/09/15,226.94,0.0,0,0,0
TTD,"The Trade Desk, Inc.",0.0,17.82143,14.853696,0.84,0.15441,0.13608,0.0,2.7307553,0.06252,63.476062541798306,0.0,0.2703319149641403,0.7862547319254604,-0.08928934769112758,0,0,2026/11/05,51,19230375,21256159.5,0.0,15.09000015258789,-,56.39,0.0,0,1,0
TSCO,Tractor Supply Company,0.0,17.619793,16.505901,1.92,0.39513,0.06425,2.91,6.7323384,0.07824,20.841739284657677,0.0,0.04769948504404071,0.3642418993089817,-0.049312953124012515,0,0,2026/10/22,37,7053198,10188449.96,0.0,35.91999816894531,2026/08/24,60.86,0.0,0,1,0
TT,Trane Technologies plc,0.0,31.768085,24.305319,13.41,0.36643,0.13278,0.95,10.883706,0.110010006,41.54385018050044,0.0,0.13185973107462282,0.3616094250512384,-0.01288006461040022,0,0,2026/10/29,44,1073626,1077000.52,0.0,474.1989440917969,2026/09/04,505.87,0.0,0,0,0
TDG,Transdigm Group Incorporated,0.0,33.7142,22.954287,32.96,0.0,0.21277,0.0,-6.6154284,0.11817,28.002401921537228,0.0,0.20563922545578078,0.6014041444909977,0.0015714348072809812,0,0,2026/11/05,51,426244,379604.88,0.0,1237.8199462890625,2025/09/02,1463.03,0.0,0,0,0
TRV,"The Travelers Companies, Inc.",0.0,10.157173,12.514631,37.22,0.26511,0.16951999,1.33,2.3809972,0.04775,57.29338026313312,0.0,0.21721143606127633,0.0,-0.030047039830767945,0,0,2026/10/16,31,1348587,1786367.74,0.0,375.20001220703125,2026/09/10,398.7,0.0,0,1,0
TRMB,Trimble Inc.,0.0,0.0,14.245525,-0.48,-0.01939,-0.027679998,0.0,2.4143033,0.04804,36.55049735954054,0.0,0.10060491177208486,0.6907423410364341,0.004059278350515464,0,0,2026/11/04,50,1891477,3101991.54,0.0,61.540000915527344,-,84.42,0.0,0,0,0
TFC,Truist Financial Corporation,0.0,11.5172415,10.073449,4.35,0.09059,0.30692,4.13,1.0429244,0.010620001,46.76145749026892,0.0,0.28244500221467594,0.0,-0.0007889863351950002,0,0,2026/10/16,31,4349470,6673937.4,0.0,52.529998779296875,2026/08/14,56.2,0.0,0,0,0
TYL,"Tyler Technologies, Inc.",0.0,47.24573,23.420437,7.61,0.09731,0.13361,0.0,4.845291,0.04176,39.879312394677804,0.0,0.2661490177246885,0.46464066131010057,-0.05993004319276002,0,0,2026/10/28,43,769633,858254.66,0.0,379.2699890136719,1990/01/31,547.93,0.0,0,0,0
TSN,"Tyson Foods, Inc.",0.0,32.814816,12.734857,1.62,0.03263,0.01031,3.85,1.0344425,0.02565,30.230558140710883,0.0,0.021619735126099816,0.06542862915817123,-0.04585629330569044,0,0,2026/11/09,55,3167667,3186687.34,0.0,58.06790542602539,2026/12/01,69.48,0.0,0,0,0
USB,U.S. Bancorp,0.0,12.510978,10.833364,5.01,0.12623,0.29896,3.44,1.6108556,0.0116,53.18183578408565,0.0,0.27925718290119134,0.0,-0.0005777466436530921,0,0,2026/10/15,30,8891026,7028212.52,0.0,64.87000274658203,2026/09/30,66.08,0.0,0,0,0
UBER,"Uber Technologies, Inc.",0.0,15.927631,16.485535,4.56,0.3716,0.17345,0.0,5.4241967,0.06877,29.798500576654604,0.0,0.18768864025222523,0.39754311090604993,-0.0007443124817967056,0,0,2026/11/03,49,19029798,18156473.96,0.0,80.3499984741211,-,101.99,0.0,0,0,0
UDR,"UDR, Inc.",0.0,22.386074,63.160713,1.58,0.13739,0.29563,4.93,3.9243317,0.022449998,1.4836573563120652,0.0,0.3585469279344888,0.27105203066955474,-0.049519059326168235,0,0,2026/10/28,43,3388774,3164635.48,0.0,38.38999938964844,2026/09/15,42.0,0.0,0,0,0
ULTA,"Ulta Beauty, Inc.",0.0,19.98725,17.121284,27.45,0.46117002,0.0934,0.0,8.643561,0.14843,53.35677798362383,0.0,0.08617497873768844,0.0,-0.04990517615062319,0,0,2026/12/03,79,400561,617221.22,0.0,564.1199951171875,2012/03/16,714.97,0.0,0,0,0
UNP,Union Pacific Corporation,0.0,23.102106,20.139921,12.34,0.39696,0.28847,2.0,8.71591,0.09274,8.712523229619805,0.0,0.2243574051407589,0.45777233782129745,-0.03087606531033889,0,0,2026/10/22,37,1221051,2636851.02,0.0,309.1851806640625,2026/08/31,315.99,0.0,0,0,0
UAL,"United Airlines Holdings, Inc.",0.0,10.192704,7.385406,10.69,0.23252001,0.05558,0.0,2.1181548,0.03381,44.06457957680182,0.0,0.04328762485187066,0.2877941425427459,-0.06642423608204269,0,0,2026/10/21,36,3873826,3733832.52,0.0,122.26000213623047,2008/01/07,138.77,0.0,0,0,1
UPS,"United Parcel Service, Inc.",0.0,19.04461,12.688703,5.38,0.29602,0.050819997,6.54,5.787066,0.07278,39.967085656348154,0.0,0.05374403627299489,0.18080102863716854,-0.03937611164317964,0,0,2026/10/27,42,4259532,4705666.64,0.0,105.68000030517578,2026/08/17,122.41,0.0,0,0,1
URI,"United Rentals, Inc.",0.0,23.923927,17.343712,41.54,0.28895,0.15673,0.8,6.7163167,0.08768,28.23561316733968,0.0,0.04112056649481334,0.38163861109385677,-0.09026987209535928,0,0,2026/10/21,36,335075,453985.5,0.0,1164.8199462890625,2026/08/12,1179.18,0.0,0,0,0
UNH,UnitedHealth Group Incorporated,0.0,24.681467,17.01221,15.54,0.14152999,0.03135,2.45,3.5258913,0.04871,33.32201710992278,0.0,0.035916410280471975,0.1852616479767275,-0.024681747264851527,0,0,2026/10/27,42,3843607,4961166.14,0.0,401.010009765625,2026/09/14,461.62,0.0,0,1,1
UHS,"Universal Health Services, Inc.",0.0,7.074316,7.213319,24.49,0.20948,0.08424,0.46,1.3589301,0.08321,47.67080891119783,0.0,0.04748391130140124,0.9044615411991676,-0.024189261014247346,0,0,2026/10/26,41,607328,798516.56,0.0,178.4801788330078,2026/09/01,246.33,0.0,0,1,0
VLO,Valero Energy Corporation,0.0,15.976221,10.811887,23.97,0.27637,0.05446,1.23,4.410342,0.105579995,83.89803075137368,0.0,0.04099863881258813,0.04376176775045441,-0.05997792646754501,0,0,2026/10/22,37,4815265,2690149.3,0.0,390.4200134277344,2026/07/31,399.7,0.0,0,0,0
VEEV,Veeva Systems Inc.,0.0,43.623974,25.917408,6.09,0.14425,0.29345,0.0,5.92643,0.075830005,57.57607873401166,0.0,0.4429068093841257,0.7552604425672493,-0.056387087563087857,0,0,2026/11/25,71,1361596,1722055.92,0.0,285.69000244140625,-,310.5,0.0,0,0,0
VTR,"Ventas, Inc.",0.0,162.0,112.784805,0.55,0.02012,0.04093,2.31,3.119857,0.02169,28.83215845333507,0.0,0.17177141505455967,0.4137936708730575,-0.05057073722059101,0,0,2026/10/28,43,2295199,3159691.98,0.0,93.83000183105469,2026/06/30,101.6,0.0,0,1,0
VLTO,Veralto Corp,0.0,24.256927,20.188765,3.97,0.34312,0.17346,0.55,7.5934396,0.10307,19.466914202360428,0.0,0.18426312920225332,0.599491186625477,-0.017808397244248018,0,0,2026/10/21,36,1042735,1577594.7,0.0,100.0999984741211,2026/06/30,109.525,0.0,0,0,0
VRSN,"VeriSign, Inc.",0.0,32.386116,27.16588,9.22,0.0,0.49769002,1.11,-11.975136,0.45124,52.48444899364691,0.0,0.6448750452734516,0.881504285886756,-0.2001659250320537,0,0,2026/10/22,37,681966,757635.32,0.0,294.7300109863281,2026/08/19,312.48,0.0,0,1,0
VRSK,"Verisk Analytics, Inc.",0.0,28.773846,21.506971,6.5,0.0,0.28237,1.13,-20.983955,0.18958001,31.895854595056775,0.0,0.38789989260259705,0.6987991017671754,-0.0851747235897022,0,0,2026/10/28,43,1343645,1459556.9,0.0,194.35000610351562,2026/09/15,263.67,0.0,0,0,1
VZ,Verizon Communications Inc.,0.0,13.356771,9.714604,3.84,0.15842,0.11643,5.59,2.0506158,0.050479997,54.93562477692971,0.0,0.1423826443111346,0.5892279526163064,-0.04938183041522988,0,0,2026/10/20,35,17899641,22634920.82,0.0,50.61000061035156,2026/10/09,51.68,0.0,0,0,0
VRTX,Vertex Pharmaceuticals Incorpor,0.0,30.274477,25.803905,17.16,0.23542999,0.34997,0.0,6.500294,0.11926,29.255369424604353,0.0,0.26612117020656095,0.8624065726212994,0.012549233709004407,0,0,2026/11/02,48,813280,1258359.6,0.0,557.9600219726562,-,560.25,0.0,0,0,0
VRT,"Vertiv Holdings, LLC",0.0,53.708145,26.022871,4.42,0.43943,0.15088001,0.1,19.207865,0.10889,50.89019363677603,0.0,0.18449838219337433,0.363170705480992,-0.06395139366545478,0,0,2026/10/21,36,10878706,5457604.12,0.0,292.42999267578125,2026/09/14,379.935,0.0,0,0,0
VTRS,Viatris Inc.,0.0,0.0,6.2616982,-0.37,-0.02754,-0.02787,2.91,1.3234826,0.02668,49.397576518008364,0.0,0.12942747851383576,0.3505968573206806,-0.1567710139783992,0,0,2026/11/05,51,7027338,9220046.76,0.0,17.09000015258789,2026/08/21,18.39,0.0,0,1,0
VICI,VICI Properties Inc.,0.0,9.705427,8.374582,2.58,0.09849,0.67496,7.41,0.9451554,0.04818,12.062237461222182,0.0,0.6262065302153008,0.993327701943728,0.005682326970487736,0,0,2026/10/29,44,7330372,9437999.44,0.0,26.780000686645508,2026/09/17,33.24,0.0,0,0,0
V,Visa Inc.,0.0,31.965929,25.011496,11.74,0.6119,0.50782,0.72,19.887651,0.1911,34.23829590763977,0.0,0.539425,0.803625,-0.03012235638933221,0,0,2026/10/27,42,6183196,6781139.92,0.0,384.1400146484375,2026/08/11,385.57,0.0,0,0,0
VST,Vistra Corp.,0.0,23.691917,13.576625,5.94,0.42962003,0.1155,0.62,15.729295,0.05886,72.7630639034098,0.0,0.07430375465103169,0.3288984101928064,-0.07523465703971119,0,0,2026/11/05,51,5224793,4377145.86,0.0,151.72000122070312,2026/09/21,219.82,0.0,0,0,0
VMRK,Vivmark Residential,0.0,25.409962,45.022232,2.61,0.08487,0.33253,3.89,0.0,0.02557,30.421673941793628,0.0,0.4624433317712059,0.6313662037836372,-0.027928991245863344,0,0,2026/10/21,36,6141543,4445734.86,0.0,68.13999938964844,2026/06/30,71.5,0.0,0,0,1
VMC,Vulcan Materials Company (Holdi,0.0,29.510012,23.459393,8.49,0.13234,0.13748,0.82,3.8300083,0.06044,23.467534076611514,0.0,0.14296508040447797,0.2738411555074234,-0.04408876434097387,0,0,2026/10/29,44,950214,987532.28,0.0,278.1499938964844,2026/08/13,331.09,0.0,0,0,0
WRB,W.R. Berkley Corporation,0.0,14.582305,14.639811,4.86,0.20207001,0.12943,0.57,0.0,0.03561,51.64477192788727,0.0,0.233104983999153,0.0,-0.04091602402855152,0,0,2026/10/19,34,2599820,1960246.4,0.0,70.16999816894531,2026/09/21,78.96,0.0,0,1,1
GWW,"W.W. Grainger, Inc.",0.0,32.614502,25.027578,39.17,0.46091,0.09923001,0.78,14.565822,0.19934,40.11791308012942,0.0,0.07418348010255267,0.3906476424032995,-0.03447891095737558,0,0,2026/11/04,50,239824,255290.48,0.0,1335.3900146484375,2026/08/10,1419.91,0.0,0,1,1
WAB,Westinghouse Air Brake Technolo,0.0,37.52291,22.377037,7.42,0.11553001,0.10593,0.44,4.198384,0.061669998,30.43483308662246,0.0,0.13423479896122503,0.3408256469956121,-0.026689020798405003,0,0,2026/10/21,36,649072,913341.44,0.0,300.5400085449219,2026/08/18,306.64,0.0,0,0,0
WMT,Walmart Inc.,0.0,39.52174,33.76588,2.76,0.22313999,0.03,0.92,9.206617,0.06414,52.398270078456385,0.0,0.020925090056550886,0.24926699786724774,-0.06910506273975298,0,0,2026/11/19,65,22998260,23865141.2,0.0,114.92486572265625,2026/12/11,135.16,0.0,0,0,0
DIS,Walt Disney Company (The),0.0,22.38969,14.521398,4.85,0.0801,0.086990006,1.41,1.7073362,0.048070002,37.438129212454044,0.0,0.10671961874503574,0.3776436325125761,-0.028843525015948238,0,0,2026/11/12,58,7110410,9563746.2,0.0,111.25,2026/06/30,117.09,0.0,0,1,0
WBD,"Warner Bros. Discovery, Inc. - ",0.0,0.0,401.4286,-1.28,-0.08786,-0.08769,0.0,2.146185,0.01708,33.82351016225576,0.0,0.0827970827970828,0.44002037752037754,-0.03588949393015937,0,0,2026/11/05,51,14332860,20622019.2,0.0,28.899999618530273,-,30.0,0.0,0,0,0
WM,"Waste Management, Inc.",0.0,30.84724,23.91537,7.07,0.29841,0.11115,1.77,8.788635,0.06566,23.69462064998946,0.0,0.11172829709569909,0.4043802571020473,-0.07276099050943602,0,0,2026/10/26,41,2420574,1985183.48,0.0,225.46356201171875,2026/09/11,248.13,0.0,0,0,1
WAT,Waters Corporation,0.0,103.53788,24.778975,3.96,0.019199999,0.03588,0.0,2.6504242,0.03558,47.87139587977326,0.0,0.17054067152225738,0.5928260511056505,-0.0019552648944657297,0,0,2026/10/30,45,728750,760003.0,0.0,421.260009765625,1996/11/26,426.22,0.0,0,1,0
WEC,"WEC Energy Group, Inc.",0.0,20.421358,17.531548,5.15,0.11988,0.16686001,3.62,0.0,0.030250002,36.26368917423398,0.0,-0.10394791889878675,0.4217814103937715,-0.035340840051011,0,0,2026/10/29,44,2030712,2196348.24,0.0,111.05000305175781,2026/08/14,119.91,0.0,0,0,0
WFC,Wells Fargo & Company,0.0,12.893895,11.226329,6.88,0.12575,0.27232,2.22,1.6676693,0.0107700005,74.62421370389734,0.0,-0.22701585443075784,0.0,0.018774279995029394,0,0,2026/10/13,28,15544644,14067540.88,0.0,90.29000091552734,2026/08/07,97.76,0.0,0,0,0
WELL,Welltower Inc.,0.0,104.55804,73.65095,2.24,0.03836,0.12149999,1.44,3.6276195,0.00825,40.4854770274784,0.0,0.2669768155201171,0.3917691684065901,-0.02889664118773107,0,0,2026/10/26,41,1464953,2803423.06,0.0,241.55999755859375,2026/08/12,255.2,0.0,0,1,0
WST,"West Pharmaceutical Services, I",0.0,45.421997,35.603313,7.82,0.19087,0.1698,0.25,8.362763,0.11377,41.94135827092576,0.0,0.15253244852151848,0.35912950131745874,-0.06114754098360656,0,0,2026/10/22,37,585399,627899.98,0.0,353.7699890136719,2026/07/29,386.0,0.0,0,1,0
WDC,Western Digital Corporation,0.0,15.859584,13.447128,26.92,1.30853,0.72947,0.13,0.0,0.20758,54.365771388195675,0.0,0.2717702608561034,0.4885053022679774,0.3873457903470168,0,0,2026/11/05,51,6771466,7143093.32,0.0,535.8380126953125,2026/09/08,799.87,0.0,0,1,0
WY,Weyerhaeuser Company,0.0,33.681816,33.057728,0.66,0.04974,0.06888,3.81,1.6981132,0.00674,11.351859520318754,0.0,-0.055177407675597395,0.14844315713251266,-0.014326130139047735,0,0,2026/10/29,44,4973134,5114014.68,0.0,24.395599365234375,2026/09/04,27.75,0.0,0,0,0
WSM,"Williams-Sonoma, Inc.",0.0,23.53128,21.82113,9.75,0.54960996,0.14729,1.34,14.447732,0.16636999,33.99886426435728,0.0,0.13519609018580686,0.46152631239163316,-0.041843252440172715,0,0,2026/11/18,64,991230,1012032.6,0.0,242.30999755859375,2026/07/17,254.89,0.0,0,0,0
WMB,"Williams Companies, Inc. (The)",0.0,28.665337,27.633858,2.51,0.21503,0.24937001,2.88,6.6892896,0.05032,59.91445482026594,0.0,0.07523012552301256,0.619581589958159,-0.05599849760128387,0,0,2026/11/02,48,8021386,6859265.72,0.0,75.2833023071289,2026/09/11,80.08,0.0,0,0,0
WTW,Willis Towers Watson Public Lim,0.0,20.031559,14.162116,16.16,0.19761999,0.15492,1.22,3.9160202,0.05079,21.860975917311237,0.0,0.1592501030078286,0.42058096415327567,-0.005756857433118863,0,0,2026/10/29,44,418542,523126.84,0.0,350.75,2026/09/30,352.79,0.0,0,0,0
WDAY,"Workday, Inc.",0.0,39.634693,14.689032,4.9,0.16006,0.12319,0.0,7.2361116,0.04513,39.07392666014005,0.0,0.29072445561139026,0.7570142378559463,-0.12426690273320792,0,0,-,-19,2886078,4461481.56,0.0,206.9199981689453,-,249.85,0.0,0,1,0
WYNN,"Wynn Resorts, Limited",0.0,21.045563,17.033037,4.17,0.0,0.060549997,1.14,-52.7721,0.05728,17.987968170965104,0.0,0.09691375251403629,0.4142669493258824,-0.07822015931044864,0,0,2026/11/05,51,1481884,1548773.68,0.0,102.79000091552734,2026/08/14,134.72,0.0,0,0,0
XEL,Xcel Energy Inc.,0.0,20.317808,16.325668,3.65,0.0992,0.15278,3.14,1.924834,0.02365,37.58473119971511,0.0,-0.4652668893585111,0.47201581566568956,-0.025377591525236262,0,0,2026/10/29,44,6951495,5043055.9,0.0,79.41000366210938,2026/09/15,84.23,0.0,0,0,0
XYL,Xylem Inc.,0.0,25.592857,17.210764,4.2,0.09182999,0.111549996,1.61,2.2807128,0.051149998,30.454644323702013,0.0,0.10071942446043165,0.38461538461538464,-0.016105251219235568,0,0,2026/11/03,49,2968383,2040155.66,0.0,117.02465057373047,2026/08/27,154.27,0.0,0,0,0
YUM,"Yum! Brands, Inc.",0.0,18.40629,20.848293,7.95,0.0,0.25406998,2.13,-5.5335803,0.22694,17.85584559377463,0.0,0.1995373752130509,0.4616508400292184,-0.05502012931560327,0,0,2026/11/03,49,2104792,2531635.84,0.0,156.56068420410156,2026/09/09,170.14,0.0,0,0,0
ZBRA,Zebra Technologies Corporation,0.0,32.276146,15.86055,10.9,0.15286,0.092180006,0.0,4.8535557,0.07315,40.24444493564912,0.0,0.1540029651593773,0.48054114158636024,-0.05857445306986592,0,0,2026/11/03,49,550435,697426.7,0.0,371.260009765625,-,386.23,0.0,0,1,0
ZBH,"Zimmer Biomet Holdings, Inc.",0.0,23.43204,10.647098,4.12,0.06413,0.09481,1.03,1.4576036,0.03878,26.161650009227145,0.0,0.17253234525906577,0.6970539998785155,-0.042959158485516444,0,0,2026/11/05,51,2032449,2116640.98,0.0,101.37999725341797,2026/09/30,106.88,0.0,0,0,0
ZTS,Zoetis Inc.,0.0,12.017944,11.279289,6.13,0.64911,0.27685,2.91,0.0,0.15352,29.611671340595322,0.0,0.2411534805112496,0.7183901975282561,-0.014935022952091549,0,0,2026/11/03,49,3768028,5799354.56,0.0,77.7300033569336,2026/07/20,149.75,0.0,0,0,0
